datetime,hour,day,month,weekday,aqi_us,aqi_cn,main_pollutant,temp,humidity,pressure,wind_speed,wind_direction,openweather_aqi,co,no,no2,o3,so2,pm2_5,pm10,nh3,computed_aqi,main_pollutant_calc,pm2_5_nowcast,pm10_nowcast,aqi_change_rate,computed_aqi_t+24,computed_aqi_t+48,computed_aqi_t+72
2025-07-15 13:17:00,13,15,7,1,66,24,p2,29,77,998,6.28,239,4,77.72,0.01,0.07,42.57,0.41,23.23,105.35,0,79,PM10,24.388704091272675,111.11259281412481,2.95,82,80,70
2025-07-15 14:17:00,14,15,7,1,66,25,p2,28,78,999,6.14,242,4,76.73,0.0,0.09,42.36,0.43,23.15,105.42,0,78,PM10,24.037929070995393,109.49862641653071,-0.012658227848101222,81,78,69
2025-07-15 16:17:00,16,15,7,1,64,23,p2,28,79,1000,7.09,241,4,76.89,0.0,0.09,43.13,0.45,23.34,106.05,0,78,PM10,23.874308576075144,108.68394195207705,0.0,80,77,69
2025-07-15 17:17:00,17,15,7,1,75,31,p2,28,78,1001,6.75,246,4,77.95,0.0,0.09,43.81,0.45,23.72,107.12,0,77,PM10,23.842985332527338,108.36347737072717,-0.012820512820512775,80,76,68
2025-07-15 18:17:00,18,15,7,1,75,32,p2,28,79,1001,6.67,247,4,78.89,0.0,0.09,44.1,0.46,24.3,108.86,0,77,PM10,23.925559853675093,108.45419226436158,0.0,80,75,68
2025-07-15 19:17:00,19,15,7,1,74,31,p2,28,79,1001,6.19,250,4,79.22,0.0,0.09,43.92,0.47,24.97,110.81,0,78,PM10,24.09693554723996,108.8457044236334,0.01298701298701288,80,74,68
2025-07-15 20:17:00,20,15,7,1,65,24,p2,28,79,1001,5.63,251,4,79.27,0.0,0.09,43.65,0.47,25.81,113.47,0,78,PM10,24.382762354674565,109.55542707431319,0.0,81,73,68
2025-07-15 21:17:00,21,15,7,1,68,26,p2,28,77,1000,5.59,257,4,79.27,0.0,0.1,43.4,0.47,26.68,116.94,0,79,PM10,24.814741804817917,110.70067425193349,0.012820512820512775,81,73,68
2025-07-15 22:17:00,22,15,7,1,66,25,p2,28,76,1000,6.31,260,4,79.64,0.0,0.09,43.42,0.46,27.63,120.91,0,79,PM2.5,25.413902327868488,112.53610174209915,0.0,82,73,68
2025-07-15 23:17:00,23,15,7,1,64,23,p2,28,76,1000,6.83,267,4,79.76,0.0,0.09,43.37,0.45,28.47,124.65,0,81,PM10,26.1238777587816,114.97493735221335,0.025316455696202445,83,73,68
2025-07-16 01:17:00,1,16,7,2,71,29,p2,28,76,1000,5.72,263,4,78.25,0.0,0.1,42.45,0.45,29.95,130.68,0,83,PM2.5,27.22828072085509,118.90294863948678,0.024691358024691468,85,73,68
2025-07-16 02:17:00,2,16,7,2,67,26,p2,28,77,1001,5.68,262,4,77.34,0.0,0.1,41.99,0.44,30.5,132.9,0,85,PM2.5,28.146142404376686,122.36791097940176,0.024096385542168752,86,73,67
2025-07-16 03:17:00,3,16,7,2,78,34,p2,28,76,1001,5.39,263,4,76.72,0.01,0.1,41.8,0.44,30.85,134.43,0,86,PM2.5,28.9357079325539,125.55014565021754,0.0117647058823529,88,73,67
2025-07-16 04:17:00,4,16,7,2,64,23,p2,28,76,1001,5.11,255,4,76.33,0.01,0.08,41.89,0.42,30.95,135.05,0,88,PM2.5,29.476059081049648,127.93229858272282,0.023255813953488413,89,73,67
2025-07-16 05:17:00,5,16,7,2,71,28,p2,29,75,1001,5.33,242,4,76.3,0.01,0.07,42.08,0.41,30.88,134.83,0,88,PM2.5,29.810538383927717,129.55206806507664,0.0,89,73,68
2025-07-16 06:17:00,6,16,7,2,64,23,p2,29,74,1001,5.73,237,4,76.38,0.01,0.06,42.09,0.4,30.56,133.21,0,89,PM2.5,29.96094267089484,130.3742587528306,0.011363636363636465,89,73,68
2025-07-16 07:17:00,7,16,7,2,66,24,p2,29,74,1001,6.06,234,4,75.88,0.01,0.05,41.38,0.41,29.92,129.72,0,89,PM2.5,29.94780817198046,130.35958206307413,0.0,88,73,69
2025-07-16 08:17:00,8,16,7,2,69,27,p2,29,72,1001,6.48,228,4,76.19,0.01,0.05,40.92,0.4,29.35,128.58,0,88,PM2.5,29.852249930868684,130.2038948401393,-0.011235955056179803,88,73,71
2025-07-16 09:17:00,9,16,7,2,73,30,p2,29,72,1000,6.87,226,4,75.64,0.01,0.05,39.95,0.4,28.66,125.77,0,88,PM2.5,29.711304218663813,129.7441331042063,0.0,87,73,72
2025-07-16 10:17:00,10,16,7,2,67,25,p2,29,72,1000,6.97,225,4,75.09,0.01,0.05,39.26,0.41,28.02,123.44,0,88,PM2.5,29.564437649683093,129.25663051906267,0.0,87,73,73
2025-07-16 11:17:00,11,16,7,2,59,19,p2,29,73,999,6.9,230,4,74.6,0.01,0.05,38.92,0.41,27.31,121.1,0,87,PM2.5,29.274996566453932,128.42772291378893,-0.011363636363636354,87,73,73
2025-07-16 12:17:00,12,16,7,2,68,26,p2,29,74,999,6.38,235,4,74.75,0.01,0.06,39.16,0.42,26.68,119.4,0,87,PM10,28.80421529537454,127.05799675005845,0.0,86,72,72
2025-07-16 13:17:00,13,16,7,2,69,26,p2,29,75,999,6.49,234,4,74.32,0.01,0.06,38.2,0.4,24.89,109.89,0,84,PM2.5,27.718587223401016,122.41891045956436,-0.03448275862068961,84,71,71
2025-07-16 14:17:00,14,16,7,2,61,21,p2,29,74,1000,6.49,236,4,74.83,0.0,0.07,38.8,0.4,24.58,109.19,0,83,PM10,26.936313802198338,119.38757296687244,-0.011904761904761862,82,70,69
2025-07-16 15:17:00,15,16,7,2,66,24,p2,28,75,1000,6.28,236,4,75.26,0.0,0.08,39.37,0.41,24.55,109.32,0,82,PM10,26.350881178168205,117.05285435220667,-0.012048192771084376,80,70,66
2025-07-16 16:17:00,16,16,7,2,70,28,p2,28,76,1001,6.09,240,4,75.55,0.0,0.08,39.83,0.42,24.73,110.21,0,81,PM10,25.942388259511237,115.37593321002454,-0.012195121951219523,78,69,62
2025-07-16 17:17:00,17,16,7,2,77,33,p2,28,74,1001,5.31,250,4,76.03,0.0,0.08,40.33,0.42,25.04,111.52,0,80,PM2.5,25.719839219109236,114.47766319917797,-0.012345679012345734,77,69,59
2025-07-16 18:17:00,18,16,7,2,76,32,p2,28,75,1002,5.2,237,4,76.51,0.0,0.08,40.87,0.42,25.46,113.56,0,80,PM2.5,25.65703462865439,114.31390787767016,0.0,76,68,58
2025-07-16 19:17:00,19,16,7,2,74,31,p2,28,71,1001,5.76,241,4,77.09,0.0,0.08,41.55,0.41,25.98,115.48,0,80,PM2.5,25.679725790431327,114.2484228973008,0.0,75,68,57
2025-07-16 20:17:00,20,16,7,2,74,30,p2,28,72,1001,5.14,247,4,77.76,0.0,0.08,42.24,0.41,26.65,117.45,0,80,PM2.5,25.792833395456043,114.52394745858962,0.0,74,68,57
2025-07-16 21:17:00,21,16,7,2,65,24,p2,28,74,1000,5.24,246,4,78.12,0.0,0.08,42.77,0.42,27.38,118.99,0,81,PM10,25.964686605407397,114.8727634672483,0.012499999999999956,73,68,57
2025-07-16 22:17:00,22,16,7,2,68,26,p2,28,75,1000,5.82,246,4,78.31,0.0,0.09,42.92,0.43,28.11,119.44,0,81,PM2.5,26.24165720688387,115.13761526600557,0.0,73,68,57
2025-07-16 23:17:00,23,16,7,2,68,26,p2,28,76,1000,5.53,250,4,78.15,0.0,0.09,42.73,0.44,28.88,120.59,0,82,PM2.5,26.737936234538417,115.60798556100971,0.012345679012345734,73,68,57
2025-07-17 00:17:00,0,17,7,3,66,24,p2,28,77,1000,4.59,249,4,77.75,0.0,0.09,42.46,0.45,29.64,122.59,0,83,PM2.5,27.38442340027698,116.64503743061613,0.012195121951219523,73,68,58
2025-07-17 01:17:00,1,17,7,3,66,24,p2,28,73,1001,4.22,248,4,77.55,0.0,0.09,42.39,0.45,30.37,126.75,0,85,PM2.5,28.145375015884103,118.92725239348606,0.024096385542168752,73,68,58
2025-07-17 02:17:00,2,17,7,3,66,24,p2,28,74,1002,4.41,244,4,77.55,0.0,0.1,42.62,0.45,30.94,131.06,0,86,PM2.5,28.890218625477875,121.83583624810112,0.0117647058823529,73,67,58
2025-07-17 03:17:00,3,17,7,3,61,21,p2,28,74,1003,5.05,236,4,77.77,0.0,0.11,43.24,0.45,31.61,134.71,0,88,PM2.5,29.628145614389034,124.9251955000236,0.023255813953488413,73,67,58
2025-07-17 04:17:00,4,17,7,3,68,26,p2,28,73,1003,4.75,231,4,77.53,0.01,0.1,43.25,0.44,31.02,133.99,0,89,PM2.5,29.947096448221753,126.75057529258814,0.011363636363636465,73,67,58
2025-07-17 05:17:00,5,17,7,3,67,25,p2,28,72,1003,4.67,230,4,77.53,0.01,0.09,43.47,0.43,30.5,132.8,0,89,PM2.5,30.072611796170293,127.86054735691972,0.0,73,68,59
2025-07-17 06:17:00,6,17,7,3,65,24,p2,29,71,1003,5.19,220,4,77.43,0.01,0.08,43.54,0.42,29.87,131.2,0,89,PM2.5,30.05097544449735,128.51494769737417,0.0,73,68,61
2025-07-17 07:17:00,7,17,7,3,79,34,p2,29,71,1002,5.3,224,4,77.17,0.01,0.07,43.3,0.41,29.11,129.0,0,88,PM2.5,29.91430624379858,128.73327820973913,-0.011235955056179803,73,69,64
2025-07-17 08:17:00,8,17,7,3,69,27,p2,29,71,1002,5.39,228,4,76.59,0.01,0.07,42.56,0.41,28.37,127.05,0,88,PM2.5,29.72438054633646,128.71050267287907,0.0,73,71,68
2025-07-17 09:17:00,9,17,7,3,78,34,p2,29,70,1002,5.02,221,4,75.87,0.01,0.06,41.47,0.41,27.54,124.69,0,87,PM2.5,29.449497477636296,128.4270257736572,-0.011363636363636354,73,72,70
2025-07-17 10:17:00,10,17,7,3,70,28,p2,30,71,1001,5.63,225,4,75.33,0.01,0.06,40.43,0.41,26.77,122.2,0,87,PM10,28.95262176523304,127.85762001520011,0.0,73,73,72
2025-07-17 11:17:00,11,17,7,3,71,29,p2,30,71,1001,6.12,225,4,75.38,0.01,0.06,39.93,0.41,25.94,119.54,0,87,PM10,28.25684411575524,126.85181945445952,0.0,73,73,73
2025-07-17 12:17:00,12,17,7,3,64,23,p2,29,72,1000,5.9,233,4,75.18,0.01,0.07,39.27,0.4,25.12,116.59,0,86,PM10,27.42284423421396,125.05961445410647,-0.011494252873563204,72,72,73
2025-07-17 13:17:00,13,17,7,3,66,24,p2,29,74,1001,5.88,234,4,76.68,0.0,0.07,40.17,0.36,23.77,110.32,0,84,PM10,26.240441289722717,121.34413188241928,-0.023255813953488413,71,71,74
2025-07-17 14:17:00,14,17,7,3,63,22,p2,29,77,1001,5.68,233,4,77.26,0.0,0.08,40.42,0.35,23.06,107.04,0,82,PM10,25.208399708237494,117.56016343321299,-0.023809523809523836,70,69,74
2025-07-17 15:17:00,15,17,7,3,64,23,p2,28,78,1002,5.99,233,4,77.71,0.0,0.08,40.65,0.34,22.46,104.31,0,80,PM10,24.366327569979877,113.89355796788377,-0.024390243902439046,70,66,73
2025-07-17 16:17:00,16,17,7,3,66,25,p2,28,78,1002,5.51,238,4,77.94,0.0,0.08,40.74,0.33,21.95,101.99,0,78,PM10,23.615558408106992,110.55018562183538,-0.025000000000000022,69,62,73
2025-07-17 17:17:00,17,17,7,3,65,24,p2,28,77,1003,6.08,231,4,78.13,0.0,0.08,40.9,0.33,21.59,100.38,0,77,PM10,23.018741573161353,107.77154574589282,-0.012820512820512775,69,59,74
2025-07-17 18:17:00,18,17,7,3,68,26,p2,28,77,1003,5.69,229,3,78.54,0.0,0.08,41.14,0.34,21.3,98.97,0,76,PM10,22.545107860767082,105.44651515223143,-0.012987012987012991,68,58,75
2025-07-17 19:17:00,19,17,7,3,73,30,p2,28,77,1003,5.43,241,3,78.88,0.0,0.07,41.49,0.34,20.89,96.81,0,75,PM10,22.072706507221614,102.97357074486324,-0.013157894736842146,68,57,76
2025-07-17 20:17:00,20,17,7,3,72,29,p2,28,77,1002,5.67,252,3,79.48,0.0,0.07,42.11,0.33,20.56,94.67,0,74,PM10,21.670210560140053,100.62353783541826,-0.013333333333333308,68,57,79
2025-07-17 21:17:00,21,17,7,3,65,24,p2,28,77,1002,5.68,251,3,79.88,0.0,0.07,42.53,0.33,20.61,94.4,0,73,PM10,21.439352596452963,99.13504487204018,-0.013513513513513487,68,57,82
2025-07-17 22:17:00,22,17,7,3,66,24,p2,28,76,1002,5.31,254,3,79.87,0.0,0.07,42.63,0.33,21.2,96.67,0,73,PM10,21.405303044759144,98.59103130426362,0.0,68,57,83
2025-07-17 23:17:00,23,17,7,3,67,26,p2,28,76,1001,5.14,249,4,80.06,0.0,0.07,42.6,0.34,22.09,100.16,0,73,PM10,21.53589106189361,98.86711689239227,0.0,68,57,83
2025-07-18 00:17:00,0,18,7,4,72,29,p2,28,76,1002,5.26,250,4,80.12,0.0,0.07,42.61,0.34,22.86,102.95,0,73,PM10,21.733247528375852,99.57599120588928,0.0,68,58,82
2025-07-18 01:17:00,1,18,7,4,71,29,p2,28,76,1002,5.62,252,4,80.29,0.0,0.07,42.83,0.32,23.1,103.38,0,73,PM10,21.867589718891395,99.91471130520503,0.0,68,58,82
2025-07-18 02:17:00,2,18,7,4,69,27,p2,28,76,1003,5.44,252,4,80.79,0.0,0.07,43.33,0.31,23.06,102.41,0,73,PM10,21.998703230320654,99.9616444567239,0.0,67,58,81
2025-07-18 03:17:00,3,18,7,4,68,26,p2,28,74,1003,5.77,251,4,81.15,0.0,0.08,43.92,0.29,22.93,100.88,0,73,PM10,22.118069854477266,99.86436747974369,0.0,67,58,81
2025-07-18 04:17:00,4,18,7,4,68,26,p2,28,73,1004,5.8,259,3,81.17,0.01,0.07,44.18,0.28,22.68,99.03,0,73,PM10,22.20620664369516,99.66174441617768,0.0,67,58,80
2025-07-18 05:17:00,5,18,7,4,66,24,p2,29,71,1004,5.02,252,3,81.14,0.01,0.06,44.12,0.26,22.55,97.75,0,73,PM10,22.278659505707477,99.38004566948952,0.0,68,59,80
2025-07-18 07:17:00,7,18,7,4,82,36,p2,30,68,1003,5.41,249,3,80.6,0.01,0.05,42.7,0.24,22.43,95.91,0,73,PM2.5,22.336086905920517,98.94408022024744,0.0,68,61,79
2025-07-18 08:17:00,8,18,7,4,71,28,p2,30,67,1002,5.63,245,3,79.97,0.01,0.04,41.58,0.23,22.26,94.67,0,73,PM2.5,22.377169756364133,98.47872407703292,0.0,69,64,78
2025-07-18 09:17:00,9,18,7,4,63,22,p2,30,68,1002,5.66,246,3,79.32,0.01,0.04,40.56,0.23,22.02,93.4,0,73,PM2.5,22.389899005239222,97.91306560664364,0.0,71,68,77
2025-07-18 10:17:00,10,18,7,4,70,27,p2,30,69,1001,5.77,243,3,78.94,0.01,0.05,39.84,0.22,21.81,92.37,0,73,PM2.5,22.387253487787586,97.18163833799996,0.0,72,70,76
2025-07-18 11:17:00,11,18,7,4,73,30,p2,30,69,1001,5.75,242,3,78.18,0.01,0.05,39.27,0.23,21.55,91.54,0,73,PM2.5,22.35644890780218,96.27557602860324,0.0,73,72,75
2025-07-18 12:17:00,12,18,7,4,68,26,p2,29,71,1001,5.8,238,3,76.6,0.01,0.06,38.74,0.26,22.42,96.0,0,73,PM2.5,22.37772888604464,96.09982875137527,0.0,73,73,75
2025-07-18 13:17:00,13,18,7,4,84,39,p2,29,73,1001,6.37,233,3,77.17,0.0,0.07,38.76,0.23,20.36,81.73,0,72,PM2.5,21.992410357552465,92.04871832060147,-0.013698630136986356,72,73,74
2025-07-18 14:17:00,14,18,7,4,64,23,p2,29,76,1001,5.82,229,3,77.41,0.0,0.08,39.66,0.25,20.86,87.0,0,71,PM2.5,21.787130949290784,90.89385673004668,-0.01388888888888884,71,74,70
2025-07-18 15:17:00,15,18,7,4,68,26,p2,29,77,1002,5.03,236,3,77.38,0.0,0.09,39.58,0.24,19.66,81.89,0,70,PM2.5,21.337480754711567,89.00559851537871,-0.014084507042253502,69,74,68
2025-07-18 16:17:00,16,18,7,4,62,22,p2,28,79,1002,5.17,249,3,77.6,0.0,0.09,40.19,0.24,19.42,81.99,0,70,PM2.5,20.965833994790223,87.65114854807035,0.0,66,73,67
2025-07-18 17:17:00,17,18,7,4,66,24,p2,28,80,1002,5.64,235,3,77.97,0.0,0.09,40.83,0.26,19.48,82.86,0,69,PM2.5,20.687453784246827,86.69102892049217,-0.014285714285714235,62,73,66
2025-07-18 18:17:00,18,18,7,4,67,25,p2,28,81,1002,6.28,226,3,78.26,0.0,0.09,41.41,0.27,19.75,84.11,0,69,PM2.5,20.49662513704647,86.19679664124267,0.0,59,74,65
2025-07-18 19:17:00,19,18,7,4,68,26,p2,28,81,1002,6.08,242,3,78.62,0.0,0.09,41.88,0.28,19.92,84.5,0,68,PM2.5,20.347775935054333,85.65697556635834,-0.01449275362318836,58,75,64
2025-07-18 20:17:00,20,18,7,4,70,28,p2,28,81,1001,6.26,257,3,79.32,0.0,0.09,42.39,0.29,19.98,84.04,0,68,PM2.5,20.232324729848443,85.14868016401981,0.0,57,76,64
2025-07-18 21:17:00,21,18,7,4,67,25,p2,28,82,1000,6.62,267,3,80.02,0.0,0.08,42.79,0.3,20.14,83.93,0,68,PM2.5,20.165352356391878,84.72882855819824,0.0,57,79,64
2025-07-18 22:17:00,22,18,7,4,65,24,p2,28,82,1000,6.95,271,3,80.51,0.0,0.09,43.01,0.33,21.08,86.03,0,68,PM2.5,20.266532292165966,84.76243686261303,0.0,57,82,63
2025-07-18 23:17:00,23,18,7,4,67,25,p2,28,83,1000,7.14,271,3,80.7,0.0,0.08,43.18,0.31,20.05,76.55,0,68,PM2.5,20.193979723153628,82.8028601134706,0.0,57,83,63
2025-07-19 00:17:00,0,19,7,5,68,26,p2,28,82,1000,7.2,271,3,80.81,0.0,0.08,43.27,0.31,20.02,74.56,0,68,PM2.5,20.080502701014026,81.3956869418157,0.0,57,83,62
2025-07-19 01:17:00,1,19,7,5,63,22,p2,28,83,1000,7.32,273,3,81.19,0.0,0.08,43.4,0.31,19.9,74.98,0,68,PM2.5,20.04467288341047,80.29859351161811,0.0,58,82,62
2025-07-19 02:17:00,2,19,7,5,67,25,p2,28,82,1000,7.81,276,3,81.54,0.0,0.08,43.62,0.31,19.67,74.69,0,68,PM2.5,19.959249515006682,79.29477701402583,0.0,58,82,62
2025-07-19 03:17:00,3,19,7,5,63,23,p2,28,81,1001,7.83,275,3,81.95,0.0,0.09,43.9,0.3,19.43,73.18,0,67,PM2.5,19.90676454201754,77.98526825606692,-0.014705882352941124,58,81,62
2025-07-19 04:17:00,4,19,7,5,69,27,p2,28,79,1000,7.62,270,3,81.77,0.01,0.08,43.93,0.3,19.41,73.0,0,67,PM2.5,19.866892748412138,76.98325821841317,0.0,58,81,62
2025-07-19 05:17:00,5,19,7,5,63,22,p2,29,78,1000,7.13,263,3,81.11,0.01,0.07,43.5,0.3,20.02,76.17,0,67,PM2.5,19.904299739917505,76.69603767566811,0.0,58,80,61
2025-07-19 06:17:00,6,19,7,5,69,27,p2,29,77,1000,6.81,260,3,80.0,0.01,0.07,42.75,0.31,21.06,81.46,0,68,PM2.5,20.05717804735884,77.35260103341776,0.014925373134328401,59,80,61
2025-07-19 07:17:00,7,19,7,5,82,37,p2,29,78,999,7.76,262,3,78.81,0.01,0.06,41.96,0.33,22.16,87.24,0,68,PM2.5,20.396271786129923,78.97950594553792,0.0,61,79,60
2025-07-19 08:17:00,8,19,7,5,69,27,p2,29,77,998,7.49,261,3,77.54,0.01,0.06,41.29,0.34,22.91,91.6,0,69,PM2.5,20.89405783035416,81.86276591317568,0.014705882352941124,64,78,59
2025-07-19 09:17:00,9,19,7,5,75,31,p2,29,75,998,7.59,259,3,76.74,0.01,0.06,40.73,0.34,23.32,94.59,0,71,PM2.5,21.409088841388503,85.22596837237306,0.02898550724637672,68,77,58
2025-07-19 10:17:00,10,19,7,5,79,34,p2,29,75,997,7.94,254,4,76.58,0.01,0.06,40.85,0.36,24.45,101.35,0,72,PM2.5,22.22288176021699,90.73388203254386,0.014084507042253502,70,76,57
2025-07-19 11:17:00,11,19,7,5,67,25,p2,29,75,997,7.76,245,3,76.56,0.01,0.07,40.5,0.36,23.34,97.14,0,73,PM2.5,22.49849126759839,92.64035713694136,0.01388888888888884,72,75,56
2025-07-19 12:17:00,12,19,7,5,62,22,p2,29,77,997,7.93,244,3,76.72,0.01,0.08,40.59,0.37,22.83,96.61,0,73,PM2.5,22.60554534157821,93.87341358928289,0.0,73,75,55
2025-07-19 13:17:00,13,19,7,5,69,27,p2,28,80,997,8.35,236,3,78.63,0.0,0.08,40.54,0.32,21.01,78.36,0,72,PM2.5,22.29194216045704,89.55274493360308,-0.013698630136986356,73,74,56
2025-07-19 14:17:00,14,19,7,5,65,24,p2,28,81,997,8.29,235,3,80.06,0.0,0.08,41.32,0.32,19.8,74.52,0,71,PM2.5,21.780056988443825,85.34678382874594,-0.01388888888888884,74,70,56
2025-07-19 15:17:00,15,19,7,5,70,27,p2,28,81,998,6.77,228,3,81.72,0.0,0.09,42.05,0.33,18.26,70.16,0,69,PM2.5,20.820105474056962,80.35085009957724,-0.028169014084507005,74,68,56
2025-07-19 16:17:00,16,19,7,5,69,27,p2,28,82,998,6.62,218,3,83.79,0.0,0.09,42.72,0.33,16.54,65.3,0,66,PM2.5,19.18531194362741,74.16601091549752,-0.04347826086956519,73,67,56
2025-07-19 17:17:00,17,19,7,5,75,31,p2,28,82,998,7.55,252,3,85.9,0.0,0.08,43.27,0.34,15.03,60.86,0,62,PM2.5,17.31273530627697,68.06857617401292,-0.06060606060606055,73,66,56
2025-07-19 18:17:00,18,19,7,5,83,38,p2,28,82,999,7.1,251,3,87.79,0.0,0.09,43.47,0.36,14.44,59.52,0,59,PM2.5,16.024871012902825,64.30863333375868,-0.048387096774193505,74,65,56
2025-07-19 19:17:00,19,19,7,5,78,33,p2,28,82,999,6.34,262,3,89.22,0.0,0.09,43.34,0.38,14.35,57.75,0,58,PM2.5,15.312801796655133,61.2430865167701,-0.016949152542372836,75,64,56
2025-07-19 20:17:00,20,19,7,5,74,31,p2,28,81,998,5.77,268,3,90.28,0.0,0.09,43.17,0.38,14.65,57.97,0,57,PM2.5,15.03329651546487,59.818061296892594,-0.017241379310344862,76,64,56
2025-07-19 21:17:00,21,19,7,5,71,28,p2,28,81,997,6.78,256,3,90.71,0.0,0.1,42.98,0.38,14.83,58.93,0,57,PM2.5,14.943448330653716,59.41803155488677,0.0,79,64,56
2025-07-19 22:17:00,22,19,7,5,67,25,p2,28,82,997,7.78,272,3,90.22,0.0,0.1,42.78,0.37,14.84,60.3,0,57,PM2.5,14.938048668619132,59.877612514008625,0.0,82,63,57
2025-07-19 23:17:00,23,19,7,5,64,23,p2,28,81,997,7.36,268,3,88.53,0.0,0.1,42.19,0.37,14.94,62.31,0,57,PM2.5,14.943572578915994,60.83630154368857,0.0,83,63,57
2025-07-20 00:17:00,0,20,7,6,64,23,p2,28,81,998,6.75,273,3,85.95,0.0,0.1,41.11,0.37,15.39,64.95,0,57,PM2.5,15.11779779862845,62.09546801801778,0.0,83,62,58
2025-07-20 01:17:00,1,20,7,6,64,23,p2,28,82,998,7.21,284,3,83.73,0.0,0.1,40.19,0.38,15.83,67.64,0,58,PM2.5,15.311241158516978,63.25861192094496,0.01754385964912286,82,62,58
2025-07-20 02:17:00,2,20,7,6,60,20,p2,28,82,998,8.0,285,3,82.51,0.0,0.11,39.81,0.37,15.91,67.49,0,58,PM2.5,15.39668819701175,63.709922368147126,0.0,82,62,58
2025-07-20 03:17:00,3,20,7,6,60,20,p2,28,82,998,8.02,282,3,81.98,0.0,0.11,39.96,0.36,15.78,64.85,0,58,PM2.5,15.339834222724244,63.53162969349029,0.0,81,62,58
2025-07-20 04:17:00,4,20,7,6,62,22,p2,28,80,999,5.26,282,3,81.64,0.0,0.11,40.39,0.34,15.72,62.59,0,58,PM2.5,15.307413779481621,63.32400682921765,0.0,81,62,58
2025-07-20 05:17:00,5,20,7,6,70,28,p2,28,78,999,4.13,284,3,81.2,0.01,0.09,40.88,0.34,16.29,64.39,0,58,PM2.5,15.498100934473669,63.57097686484065,0.0,80,61,58
2025-07-20 06:17:00,6,20,7,6,65,24,p2,28,79,999,4.23,265,3,80.27,0.01,0.08,41.11,0.35,17.59,71.05,0,59,PM2.5,16.043946064934527,65.36714446364098,0.01724137931034475,80,61,59
2025-07-20 07:17:00,7,20,7,6,64,23,p2,28,79,998,4.51,264,3,78.78,0.01,0.07,41.1,0.36,19.44,81.55,0,61,PM2.5,17.0566509048826,70.78341545177402,0.03389830508474567,79,60,60
2025-07-20 08:17:00,8,20,7,6,65,24,p2,28,79,998,3.93,259,3,77.15,0.01,0.06,40.88,0.37,21.2,92.05,0,64,PM2.5,18.504965789634756,79.34586612960521,0.049180327868852514,78,59,62
2025-07-20 09:17:00,9,20,7,6,60,20,p2,28,79,997,4.29,270,3,76.25,0.01,0.06,40.86,0.37,22.38,98.34,0,68,PM2.5,19.987160076151774,87.24015432121149,0.0625,77,58,64
2025-07-20 10:17:00,10,20,7,6,65,24,p2,28,78,997,3.91,277,4,76.28,0.01,0.05,41.39,0.36,23.17,102.29,0,70,PM2.5,21.22101044675439,93.25286690137668,0.02941176470588225,76,57,64
2025-07-20 11:17:00,11,20,7,6,66,25,p2,28,79,997,4.8,259,4,76.77,0.01,0.05,42.46,0.35,23.45,102.91,0,72,PM2.5,21.948304687780237,97.09802065347202,0.02857142857142847,75,56,64
2025-07-20 12:17:00,12,20,7,6,63,22,p2,28,80,997,4.5,261,4,78.22,0.01,0.06,44.89,0.33,23.34,100.54,0,73,PM2.5,22.35995395382124,98.4823992485217,0.01388888888888884,75,55,63
2025-07-20 13:17:00,13,20,7,6,62,21,p2,28,81,997,4.62,254,4,76.52,0.01,0.08,44.73,0.36,23.35,102.62,0,73,PM2.5,22.706895834163095,100.13870750875387,0.0,74,56,61
2025-07-20 14:17:00,14,20,7,6,62,21,p2,28,82,997,4.88,250,4,75.49,0.0,0.09,45.21,0.37,22.81,101.79,0,74,PM10,22.759771173852055,100.8201992143242,0.013698630136986356,70,56,60
2025-07-20 15:17:00,15,20,7,6,64,23,p2,28,83,998,5.15,235,3,74.75,0.0,0.1,45.66,0.38,22.34,99.89,0,74,PM10,22.639356450145716,100.49101062426566,0.0,68,56,61
2025-07-20 16:17:00,16,20,7,6,71,28,p2,28,85,998,5.67,241,3,74.78,0.0,0.1,46.2,0.38,22.01,98.01,0,73,PM2.5,22.444787488837132,99.54604375689019,-0.013513513513513487,67,56,63
2025-07-20 18:17:00,18,20,7,6,73,30,p2,28,85,999,5.73,242,3,76.28,0.0,0.09,47.73,0.39,22.51,99.96,0,73,PM2.5,22.479497020986564,99.67866152079856,0.0,66,56,68
2025-07-20 19:17:00,19,20,7,6,71,29,p2,28,84,998,5.73,252,4,76.74,0.0,0.09,48.2,0.39,23.21,104.2,0,74,PM10,22.659977874568867,100.73311694227048,0.013698630136986356,65,56,74
2025-07-20 20:17:00,20,20,7,6,73,30,p2,28,84,998,5.72,255,4,77.21,0.0,0.09,48.44,0.39,24.14,110.2,0,75,PM10,22.952666374817664,102.60810603044138,0.013513513513513598,64,56,79
2025-07-20 21:17:00,21,20,7,6,70,28,p2,28,84,998,5.76,259,4,77.05,0.0,0.09,48.24,0.39,25.55,118.84,0,76,PM10,23.449202691290203,106.05607474573304,0.01333333333333342,64,56,81
2025-07-20 22:17:00,22,20,7,6,65,24,p2,28,84,998,5.52,256,4,76.55,0.0,0.09,47.87,0.39,27.11,126.81,0,79,PM10,24.31977518096313,111.86144865402734,0.03947368421052633,64,56,81
2025-07-20 23:17:00,23,20,7,6,67,26,p2,28,84,998,5.5,256,4,75.68,0.0,0.09,47.42,0.39,28.22,130.25,0,82,PM10,25.360701249994058,117.13478023916039,0.03797468354430378,63,57,79
2025-07-21 00:17:00,0,21,7,0,70,27,p2,27,85,998,5.64,257,4,74.75,0.0,0.09,47.09,0.38,28.55,129.04,0,83,PM10,26.19355482664027,120.30201283994387,0.012195121951219523,63,57,77
2025-07-21 01:17:00,1,21,7,0,69,27,p2,28,86,999,5.63,259,4,74.11,0.0,0.09,47.0,0.37,27.86,120.69,0,83,PM10,26.62302711282006,120.56801308418454,0.0,62,58,75
2025-07-21 02:17:00,2,21,7,0,61,21,p2,28,84,1000,5.48,257,4,73.59,0.0,0.09,47.08,0.36,26.97,110.28,0,82,PM2.5,26.740740410264845,118.08609468044946,-0.012048192771084376,62,58,73
2025-07-21 03:17:00,3,21,7,0,67,25,p2,28,81,1000,5.87,258,4,73.06,0.0,0.09,47.13,0.35,26.3,103.03,0,82,PM2.5,26.67663784401086,114.36980934641595,0.0,62,58,74
2025-07-21 04:17:00,4,21,7,0,70,28,p2,29,79,1000,5.83,251,3,72.49,0.01,0.08,47.26,0.34,25.49,96.56,0,81,PM2.5,26.438080394583864,109.66563496092581,-0.012195121951219523,62,58,75
2025-07-21 05:17:00,5,21,7,0,70,27,p2,29,77,1000,6.22,245,3,72.19,0.01,0.07,47.48,0.35,25.38,96.75,0,81,PM2.5,26.242120980994876,106.31568735439566,0.0,62,58,76
2025-07-21 06:17:00,6,21,7,0,67,25,p2,29,77,1000,5.59,242,3,72.45,0.01,0.06,47.55,0.32,23.95,90.24,0,80,PM2.5,25.843463994651216,100.30960113374518,-0.012345679012345734,61,58,77
2025-07-21 07:17:00,7,21,7,0,67,25,p2,29,77,999,6.45,243,3,72.32,0.01,0.05,47.38,0.33,24.49,99.71,0,80,PM2.5,25.70730130960096,100.10833851802374,0.0,61,59,78
2025-07-21 08:17:00,8,21,7,0,71,29,p2,29,77,999,6.52,246,3,72.37,0.01,0.04,46.78,0.32,23.51,97.67,0,79,PM2.5,25.261052354789022,99.31167458858566,-0.012499999999999956,60,60,79
2025-07-21 09:17:00,9,21,7,0,71,28,p2,29,77,999,6.68,251,3,72.24,0.01,0.04,46.14,0.32,23.25,99.97,0,78,PM2.5,24.81069062178098,99.44212460405159,-0.012658227848101222,59,62,80
2025-07-21 10:17:00,10,21,7,0,71,28,p2,29,77,999,6.49,249,4,72.17,0.01,0.04,45.68,0.32,23.07,102.44,0,77,PM2.5,24.382942627599977,100.2703144365825,-0.012820512820512775,58,64,81
2025-07-21 11:17:00,11,21,7,0,77,33,p2,29,78,999,6.29,250,4,71.91,0.01,0.04,45.36,0.33,22.92,104.02,0,76,PM2.5,23.990775915890236,101.30566859999696,-0.012987012987012991,57,64,78
2025-07-21 12:17:00,12,21,7,0,73,30,p2,29,79,999,6.01,248,4,71.3,0.01,0.05,45.32,0.33,22.69,103.99,0,75,PM2.5,23.69527016795405,101.74698414473248,-0.013157894736842146,56,64,75
2025-07-21 13:17:00,13,21,7,0,76,32,p2,29,79,999,6.04,238,4,71.11,0.0,0.06,45.59,0.34,22.3,100.97,0,75,PM2.5,23.390052209192163,101.0448460329723,0.0,55,63,73
2025-07-21 14:17:00,14,21,7,0,71,29,p2,28,81,999,6.38,237,3,71.0,0.0,0.07,46.06,0.34,21.8,97.27,0,74,PM2.5,23.020934034474834,99.96345033825871,-0.013333333333333308,56,61,71
2025-07-21 15:17:00,15,21,7,0,69,27,p2,28,82,1000,6.34,232,3,74.47,0.0,0.07,48.41,0.27,17.9,71.11,0,70,PM2.5,21.162626376460203,90.91743853253504,-0.05405405405405406,56,60,70
2025-07-21 16:17:00,16,21,7,0,67,25,p2,28,82,1001,5.96,241,3,74.34,0.0,0.07,48.66,0.28,18.03,74.06,0,68,PM2.5,20.218696286592614,85.50911849608093,-0.02857142857142858,56,61,69
2025-07-21 17:17:00,17,21,7,0,91,44,p2,28,81,1001,5.32,251,3,74.36,0.0,0.07,49.11,0.29,17.86,74.93,0,67,PM2.5,19.65781720539364,82.08940737231117,-0.014705882352941124,56,63,69
2025-07-21 18:17:00,18,21,7,0,78,34,p2,28,80,1001,4.29,262,3,74.58,0.0,0.07,49.74,0.29,17.64,74.52,0,66,PM2.5,19.012156219918435,79.64222984152539,-0.014925373134328401,56,68,70
2025-07-21 19:17:00,19,21,7,0,79,34,p2,28,80,1001,4.57,264,3,74.64,0.0,0.07,50.23,0.3,17.51,73.79,0,65,PM2.5,18.699630844280506,77.70436313627704,-0.015151515151515138,56,74,73
2025-07-21 20:17:00,20,21,7,0,79,34,p2,28,80,1001,4.54,261,3,74.68,0.0,0.07,50.7,0.31,17.61,73.73,0,64,PM2.5,18.420160685374597,76.36721327684019,-0.01538461538461533,56,79,75
2025-07-21 21:17:00,21,21,7,0,68,26,p2,28,80,1000,4.56,254,3,74.63,0.0,0.07,51.04,0.32,17.71,73.97,0,64,PM2.5,18.222517408844837,75.52218332473262,0.0,56,81,77
2025-07-21 22:17:00,22,21,7,0,64,23,p2,28,80,1000,4.64,261,3,74.58,0.0,0.07,51.18,0.31,17.66,74.24,0,64,PM2.5,18.0536457815548,75.02260081990964,0.0,56,81,78
2025-07-21 23:17:00,23,21,7,0,63,23,p2,28,80,1000,5.04,269,3,74.42,0.0,0.07,51.26,0.31,17.51,74.97,0,63,PM2.5,17.8920329660144,74.91028106267838,-0.015625,57,79,79
2025-07-22 01:17:00,1,22,7,1,60,20,p2,28,81,1001,4.9,275,3,73.93,0.0,0.07,51.13,0.3,17.09,76.38,0,63,PM2.5,17.63840842350145,75.30929733106255,0.0,57,77,79
2025-07-22 02:17:00,2,22,7,1,61,20,p2,28,80,1001,5.2,263,3,73.66,0.0,0.08,51.14,0.3,16.98,75.78,0,62,PM2.5,17.451267010585894,75.31850964936844,-0.015873015873015928,58,75,79
2025-07-22 03:17:00,3,22,7,1,64,23,p2,28,79,1001,5.17,253,3,73.36,0.01,0.07,51.1,0.3,16.91,74.03,0,62,PM2.5,17.464119146664654,74.46532098907555,0.0,58,73,79
2025-07-22 04:17:00,4,22,7,1,66,24,p2,29,77,1002,4.97,246,3,72.9,0.01,0.06,50.92,0.29,16.81,72.28,0,62,PM2.5,17.35783234016601,74.37958331055803,0.0,58,74,79
2025-07-22 05:17:00,5,22,7,1,88,41,p2,29,75,1002,5.41,242,3,72.44,0.01,0.05,50.42,0.29,16.84,71.34,0,62,PM2.5,17.272814777663758,74.03342403092518,0.0,58,75,79
2025-07-22 06:17:00,6,22,7,1,71,29,p2,29,75,1001,5.5,240,3,72.04,0.01,0.04,49.46,0.28,16.8,69.85,0,62,PM2.5,17.195605482194107,73.40713226773092,0.0,58,76,79
2025-07-22 07:17:00,7,22,7,1,77,33,p2,30,74,1001,6.1,238,3,71.82,0.01,0.04,48.15,0.27,16.52,67.16,0,61,PM2.5,17.07478876968234,72.26293986881909,-0.016129032258064502,58,77,80
2025-07-22 08:17:00,8,22,7,1,70,28,p2,30,75,1000,6.28,241,3,71.68,0.01,0.04,46.67,0.27,16.16,63.55,0,61,PM2.5,16.91107963345383,70.24713534816911,0.0,59,78,80
2025-07-22 10:17:00,10,22,7,1,66,25,p2,30,75,999,7.25,247,3,72.03,0.01,0.03,44.07,0.26,14.56,54.11,0,60,PM2.5,16.31937774978205,64.27721872749889,-0.016393442622950838,60,79,81
2025-07-22 11:17:00,11,22,7,1,66,24,p2,30,76,999,7.32,244,3,72.14,0.01,0.04,43.18,0.26,14.12,50.87,0,59,PM2.5,15.774534496274072,59.125496923141306,-0.01666666666666672,62,80,83
2025-07-22 12:17:00,12,22,7,1,64,23,p2,29,78,998,7.65,245,2,72.07,0.01,0.05,42.54,0.27,14.22,49.85,0,58,PM2.5,15.440186841731542,55.631564871216035,-0.016949152542372836,64,81,84
2025-07-22 13:17:00,13,22,7,1,70,28,p2,29,80,999,7.72,245,2,72.08,0.0,0.06,42.95,0.24,13.27,43.21,0,57,PM2.5,14.814107420766108,49.16941712461245,-0.017241379310344862,64,78,84
2025-07-22 14:17:00,14,22,7,1,65,24,p2,29,82,999,7.32,245,2,72.35,0.0,0.07,42.58,0.25,13.27,42.09,0,56,PM2.5,14.448996171293807,45.89251709579367,-0.01754385964912286,64,75,85
2025-07-22 15:17:00,15,22,7,1,73,30,p2,28,83,999,7.59,239,2,72.85,0.0,0.07,42.41,0.26,13.54,43.84,0,55,PM2.5,14.22237230391067,45.127147417310745,-0.017857142857142905,63,73,82
2025-07-22 16:17:00,16,22,7,1,79,34,p2,28,84,999,8.02,238,3,73.43,0.0,0.07,42.45,0.29,15.08,53.46,0,56,PM2.5,14.391125840680726,48.700030049435114,0.018181818181818077,61,71,81
2025-07-22 17:17:00,17,22,7,1,81,36,p2,28,85,1000,7.98,244,3,74.68,0.0,0.07,42.96,0.28,13.99,50.78,0,56,PM2.5,14.269734465952343,49.536495414037,0.0,60,70,80
2025-07-22 18:17:00,18,22,7,1,73,30,p2,28,85,1000,7.78,246,3,76.03,0.0,0.07,43.71,0.3,14.49,55.41,0,56,PM2.5,14.287547756707486,51.840845708473516,0.0,61,69,80
2025-07-22 19:17:00,19,22,7,1,71,28,p2,28,85,1000,8.11,245,3,77.44,0.0,0.07,44.53,0.31,14.91,56.95,0,56,PM2.5,14.390009836783635,53.62509183957135,0.0,63,69,81
2025-07-22 20:17:00,20,22,7,1,75,32,p2,28,84,1000,8.11,247,3,78.96,0.0,0.07,45.51,0.3,15.02,54.24,0,56,PM2.5,14.472762378677558,53.57272085829797,0.0,68,70,82
2025-07-22 21:17:00,21,22,7,1,62,21,p2,28,83,1000,8.06,251,2,80.51,0.0,0.07,46.34,0.28,14.83,49.65,0,56,PM2.5,14.4278138154385,51.97784586867452,0.0,74,73,84
2025-07-22 22:17:00,22,22,7,1,61,21,p2,28,83,999,8.14,251,2,81.56,0.0,0.07,47.03,0.27,14.67,48.74,0,56,PM2.5,14.460511385708068,51.09476195856302,0.0,79,75,85
2025-07-22 23:17:00,23,22,7,1,64,23,p2,28,83,998,8.08,248,3,82.17,0.0,0.07,47.43,0.28,14.81,50.65,0,56,PM2.5,14.525221788032416,50.97714368673544,0.0,81,77,87
2025-07-23 00:17:00,0,23,7,2,58,19,p2,27,83,998,7.65,248,3,82.47,0.0,0.07,47.67,0.28,15.03,52.4,0,56,PM2.5,14.612529756531277,51.36656474539753,0.0,81,78,88
2025-07-23 01:17:00,1,23,7,2,56,17,p2,28,82,998,7.66,254,3,82.55,0.0,0.07,48.05,0.29,15.07,51.65,0,57,PM2.5,14.726818750726204,51.5006086922895,0.017857142857142794,79,79,89
2025-07-23 02:17:00,2,23,7,2,58,19,p2,28,82,999,7.97,257,3,82.5,0.0,0.08,48.51,0.3,15.3,53.45,0,57,PM2.5,14.85722295675496,52.056102671286716,0.0,77,79,90
2025-07-23 03:17:00,3,23,7,2,58,19,p2,28,82,999,8.14,255,3,81.75,0.0,0.08,49.25,0.33,16.95,65.07,0,58,PM2.5,15.339643219743445,55.51053825409383,0.01754385964912286,75,79,91
2025-07-23 04:17:00,4,23,7,2,60,20,p2,28,80,999,8.15,251,3,81.86,0.0,0.08,49.98,0.32,15.91,60.42,0,58,PM2.5,15.455341010687263,56.79885777722764,0.0,73,79,91
2025-07-23 05:17:00,5,23,7,2,58,18,p2,29,78,999,8.4,250,3,81.76,0.01,0.06,50.94,0.32,15.64,61.5,0,58,PM2.5,15.469806442307421,58.06527906169948,0.0,74,79,92
2025-07-23 06:17:00,6,23,7,2,62,22,p2,29,77,999,8.43,251,3,81.62,0.01,0.05,51.6,0.32,15.39,62.55,0,58,PM2.5,15.469162772294204,59.24845986236302,0.0,75,79,92
2025-07-23 07:17:00,7,23,7,2,73,30,p2,29,77,998,8.39,251,3,80.86,0.01,0.05,51.64,0.33,15.44,66.24,0,58,PM2.5,15.480536203912518,61.290718468502575,0.0,76,79,92
2025-07-23 08:17:00,8,23,7,2,65,24,p2,29,76,997,8.98,249,3,79.22,0.01,0.04,50.85,0.35,16.07,70.91,0,58,PM2.5,15.590130724677394,64.84846664627294,0.0,77,80,92
2025-07-23 09:17:00,9,23,7,2,67,25,p2,29,77,997,8.98,251,3,77.35,0.01,0.04,49.45,0.37,16.88,73.92,0,59,PM2.5,15.822799856436749,68.30540060041203,0.01724137931034475,78,80,93
2025-07-23 10:17:00,10,23,7,2,64,23,p2,29,78,996,8.99,252,3,74.87,0.01,0.04,47.98,0.41,18.66,81.8,0,60,PM2.5,16.553876353447425,73.91746473565206,0.016949152542372836,79,81,95
2025-07-23 11:17:00,11,23,7,2,67,25,p2,29,79,996,9.06,250,3,74.01,0.01,0.05,46.99,0.43,19.25,84.02,0,62,PM2.5,17.231135755959517,77.90798238690812,0.03333333333333344,80,83,96
2025-07-23 12:17:00,12,23,7,2,62,21,p2,29,80,995,8.79,244,3,73.86,0.01,0.05,46.6,0.45,19.63,85.51,0,64,PM10,17.88173051503347,81.09529199769298,0.032258064516129004,81,84,97
2025-07-23 13:17:00,13,23,7,2,57,17,p2,29,81,995,8.78,240,3,74.28,0.0,0.06,46.79,0.44,19.11,82.79,0,64,PM2.5,18.150857623426294,81.49532334138067,0.0,78,84,98
2025-07-23 14:17:00,14,23,7,2,61,20,p2,28,82,996,9.02,234,3,75.14,0.0,0.07,47.36,0.45,18.81,82.09,0,64,PM2.5,18.318623649477946,80.72604727908319,0.0,75,85,93
2025-07-23 15:17:00,15,23,7,2,60,20,p2,28,84,996,9.09,233,3,75.05,0.0,0.07,46.0,0.41,15.64,66.5,0,63,PM2.5,17.72392265785643,76.55849805625044,-0.015625,73,82,97
2025-07-23 16:17:00,16,23,7,2,60,20,p2,28,85,997,8.56,235,3,75.75,0.0,0.08,46.26,0.41,14.7,62.59,0,61,PM2.5,16.964545824162975,72.66956313043687,-0.031746031746031744,71,81,97
2025-07-23 17:17:00,17,23,7,2,67,25,p2,28,84,997,8.2,242,3,76.56,0.0,0.08,46.55,0.42,15.21,65.05,0,60,PM2.5,16.5204318833769,70.7812968087366,-0.016393442622950838,70,80,98
2025-07-23 18:17:00,18,23,7,2,69,27,p2,28,83,997,7.35,244,3,77.45,0.0,0.08,46.93,0.44,17.48,75.44,0,61,PM2.5,16.778272167760004,72.12012971171124,0.016666666666666607,69,80,100
2025-07-23 19:17:00,19,23,7,2,66,24,p2,28,83,997,7.31,244,3,78.53,0.0,0.08,47.26,0.45,20.71,89.18,0,63,PM2.5,17.88843193271081,77.10297162784387,0.032786885245901676,69,81,103
2025-07-23 20:17:00,20,23,7,2,68,26,p2,28,83,996,7.52,244,4,79.94,0.0,0.08,47.66,0.45,23.81,101.66,0,68,PM2.5,20.32977727591691,87.22958168037,0.0793650793650793,70,82,106
2025-07-23 21:17:00,21,23,7,2,64,23,p2,28,83,996,7.66,245,4,80.87,0.0,0.08,47.81,0.45,26.26,110.86,0,74,PM2.5,23.190944608882994,98.46141813451116,0.08823529411764697,73,84,108
2025-07-23 22:17:00,22,23,7,2,62,21,p2,28,83,995,7.82,248,4,81.03,0.0,0.08,47.77,0.44,27.53,115.64,0,79,PM2.5,25.345970578270833,106.84462207193603,0.06756756756756754,75,85,110
2025-07-23 23:17:00,23,23,7,2,56,17,p2,28,84,995,8.07,252,4,80.49,0.0,0.08,47.57,0.44,27.43,114.18,0,81,PM2.5,26.31925449666783,110.21848696898311,0.025316455696202445,77,87,110
2025-07-24 00:17:00,0,24,7,3,53,15,p2,28,84,995,7.91,255,4,79.83,0.0,0.08,47.45,0.43,26.25,109.03,0,81,PM2.5,26.28863756725887,109.68009122858824,0.0,78,88,111
2025-07-24 01:17:00,1,24,7,3,58,18,p2,28,84,996,7.22,258,4,79.32,0.0,0.08,47.53,0.43,24.73,104.2,0,79,PM2.5,25.5636624563712,107.17230426247534,-0.024691358024691357,79,89,110
2025-07-24 02:17:00,2,24,7,3,51,13,p2,28,83,996,7.0,254,4,78.74,0.0,0.08,47.74,0.43,23.25,101.18,0,77,PM2.5,24.486522197026797,104.42886576745907,-0.025316455696202556,79,90,109
2025-07-24 03:17:00,3,24,7,3,62,22,p2,28,80,997,6.74,249,3,78.02,0.0,0.08,47.93,0.44,22.11,98.18,0,75,PM2.5,23.380595460619315,101.57138226828286,-0.025974025974025983,79,91,109
2025-07-24 04:17:00,4,24,7,3,61,21,p2,28,79,997,6.24,245,3,77.25,0.01,0.08,48.03,0.44,21.66,97.9,0,73,PM2.5,22.6494413767408,100.08953494397369,-0.026666666666666616,79,91,108
2025-07-24 05:17:00,5,24,7,3,61,20,p2,29,77,998,6.29,241,4,76.27,0.01,0.07,47.96,0.44,22.08,101.36,0,74,PM10,22.658183731477926,101.14261521067344,0.013698630136986356,79,92,107
2025-07-24 06:17:00,6,24,7,3,59,19,p2,29,76,997,6.8,241,4,75.42,0.01,0.06,47.76,0.44,22.89,105.97,0,75,PM10,23.10596894739853,103.16139498258768,0.013513513513513598,79,92,105
2025-07-24 07:17:00,7,24,7,3,60,20,p2,30,74,997,6.94,240,4,74.9,0.01,0.06,47.43,0.44,23.86,110.73,0,76,PM10,23.413585998230648,105.1426824438881,0.01333333333333342,79,92,104
2025-07-24 08:17:00,8,24,7,3,77,33,p2,30,73,996,6.78,240,4,74.43,0.01,0.05,46.79,0.43,24.75,114.84,0,77,PM10,23.710487903056446,106.94736125985845,0.013157894736842035,80,92,103
2025-07-24 09:17:00,9,24,7,3,66,24,p2,30,72,996,7.03,246,4,74.3,0.01,0.05,46.02,0.43,25.57,118.32,0,78,PM10,24.098205517356593,109.14287777455256,0.01298701298701288,80,93,103
2025-07-24 10:17:00,10,24,7,3,60,20,p2,30,72,995,6.95,252,4,74.61,0.01,0.05,45.52,0.42,26.27,121.21,0,79,PM10,24.536252152726156,111.79527254755247,0.012820512820512775,81,95,104
2025-07-24 11:17:00,11,24,7,3,61,21,p2,30,72,995,6.69,251,4,75.13,0.01,0.05,45.44,0.43,26.61,122.06,0,80,PM10,24.84883208274508,114.05203621788517,0.012658227848101333,83,96,105
2025-07-24 12:17:00,12,24,7,3,59,20,p2,29,72,994,6.51,249,4,75.65,0.01,0.06,45.59,0.43,26.66,121.47,0,81,PM10,25.201155069367868,115.70815202283423,0.012499999999999956,84,97,108
2025-07-24 13:17:00,13,24,7,3,54,15,p2,29,73,995,6.18,241,3,76.88,0.01,0.06,45.26,0.38,21.93,90.99,0,78,PM10,24.540307624594835,110.39869104910748,-0.03703703703703709,84,98,110
2025-07-24 14:17:00,14,24,7,3,60,20,p2,29,75,995,6.06,239,3,77.47,0.0,0.08,45.6,0.38,20.83,86.77,0,75,PM2.5,23.73343820195141,103.27016357557766,-0.038461538461538436,85,93,112
2025-07-24 15:17:00,15,24,7,3,60,20,p2,29,77,996,6.6,238,3,78.1,0.0,0.08,46.05,0.38,19.87,82.94,0,73,PM2.5,22.652643571936707,96.04133190287484,-0.026666666666666616,82,97,113
2025-07-24 16:17:00,16,24,7,3,65,24,p2,28,81,996,7.24,240,3,78.8,0.0,0.09,46.43,0.38,19.32,80.36,0,71,PM2.5,21.630104778476408,90.08576164220689,-0.0273972602739726,81,97,114
2025-07-24 17:17:00,17,24,7,3,64,23,p2,28,82,997,7.26,245,3,79.65,0.0,0.09,46.8,0.38,19.26,79.47,0,70,PM2.5,20.943905282582403,86.14692568910436,-0.014084507042253502,80,98,113
2025-07-24 18:17:00,18,24,7,3,63,22,p2,28,82,997,6.58,237,3,80.34,0.0,0.09,46.99,0.38,19.85,80.42,0,69,PM2.5,20.62286599787902,84.09662328741537,-0.014285714285714235,80,100,112
2025-07-24 19:17:00,19,24,7,3,63,23,p2,28,81,997,6.3,237,3,80.58,0.0,0.09,46.82,0.37,21.08,82.11,0,69,PM2.5,20.733836301397318,83.34516135442836,0.0,81,103,111
2025-07-24 20:17:00,20,24,7,3,64,23,p2,27,81,997,6.09,240,3,80.46,0.0,0.09,46.45,0.37,22.98,87.17,0,70,PM2.5,21.347168959980426,84.6234083746737,0.01449275362318847,82,106,110
2025-07-24 21:17:00,21,24,7,3,64,23,p2,27,82,997,5.78,241,3,79.94,0.0,0.09,45.75,0.39,25.23,95.89,0,73,PM2.5,22.422977438518558,88.50895179471226,0.04285714285714293,84,108,109
2025-07-24 22:17:00,22,24,7,3,70,27,p2,27,81,996,5.09,249,4,78.8,0.0,0.09,45.07,0.4,26.77,101.51,0,75,PM2.5,23.652979748277357,93.0052523382697,0.027397260273972712,85,110,107
2025-07-24 23:17:00,23,24,7,3,63,22,p2,27,80,996,5.7,254,4,77.83,0.0,0.09,44.6,0.41,26.87,100.62,0,77,PM2.5,24.57878686312909,95.55495592152141,0.026666666666666616,87,110,104
2025-07-25 00:17:00,0,25,7,4,60,20,p2,27,81,997,5.66,260,3,77.0,0.0,0.09,44.48,0.41,26.23,97.03,0,78,PM2.5,25.04415400977885,93.52745263332748,0.01298701298701288,88,111,102
2025-07-25 01:17:00,1,25,7,4,55,16,p2,27,81,997,5.49,257,3,76.23,0.0,0.09,44.72,0.42,26.48,99.1,0,79,PM2.5,25.474954332248306,94.83593427017803,0.012820512820512775,89,110,99
2025-07-25 02:17:00,2,25,7,4,57,17,p2,27,81,997,6.09,251,3,75.99,0.0,0.09,45.09,0.4,24.94,92.72,0,79,PM2.5,25.345258444601477,94.44883071640383,0.0,90,109,98
2025-07-25 03:17:00,3,25,7,4,58,18,p2,28,78,997,6.06,248,4,75.43,0.01,0.09,45.78,0.42,25.95,101.17,0,79,PM2.5,25.548796719124837,96.12969262758446,0.0,91,109,96
2025-07-25 04:17:00,4,25,7,4,71,28,p2,28,76,998,6.15,244,3,75.75,0.01,0.07,46.48,0.39,24.75,97.2,0,79,PM2.5,25.35138172360177,96.56673824941953,0.0,91,108,95
2025-07-25 05:17:00,5,25,7,4,61,20,p2,29,74,998,6.12,244,4,75.76,0.01,0.06,47.14,0.39,25.06,102.63,0,79,PM2.5,25.298286391068967,98.15669063057112,0.0,92,107,95
2025-07-25 06:17:00,6,25,7,4,62,21,p2,29,72,998,5.9,242,4,75.78,0.01,0.05,47.51,0.4,25.43,107.93,0,79,PM2.5,25.37773037438111,100.93824330657984,0.0,92,105,95
2025-07-25 07:17:00,7,25,7,4,61,21,p2,30,72,997,6.44,241,4,75.89,0.01,0.05,47.71,0.4,25.85,112.87,0,79,PM2.5,25.55243042082298,103.85767165293456,0.0,92,104,96
2025-07-25 08:17:00,8,25,7,4,68,26,p2,30,71,997,6.73,243,4,76.12,0.01,0.04,47.79,0.41,26.35,117.51,0,80,PM2.5,25.779096908177177,106.87776497879614,0.012658227848101333,92,103,96
2025-07-25 09:17:00,9,25,7,4,73,30,p2,30,72,996,7.1,247,4,76.38,0.01,0.04,47.78,0.41,26.89,121.41,0,80,PM2.5,25.94467957816272,111.03747862620426,0.0,93,103,97
2025-07-25 10:17:00,10,25,7,4,64,23,p2,30,73,996,7.55,249,4,76.59,0.01,0.04,48.01,0.42,27.52,124.93,0,81,PM2.5,26.134873264258722,115.26221591621164,0.012499999999999956,95,104,99
2025-07-25 11:17:00,11,25,7,4,61,21,p2,29,74,996,7.27,250,4,76.55,0.01,0.05,48.46,0.44,27.91,126.78,0,83,PM10,26.389620805863565,118.78049048216023,0.024691358024691468,96,105,100
2025-07-25 12:17:00,12,25,7,4,57,18,p2,29,75,996,6.79,250,4,76.19,0.01,0.05,49.31,0.46,27.96,126.54,0,84,PM10,26.633733895338572,121.055191400294,0.012048192771084265,97,108,102
2025-07-25 13:17:00,13,25,7,4,63,22,p2,29,77,996,7.14,249,4,76.27,0.0,0.07,50.5,0.47,27.93,125.78,0,84,PM10,26.832686713246822,122.49637856055661,0.0,98,110,104
2025-07-25 14:17:00,14,25,7,4,64,23,p2,28,79,996,7.31,248,4,76.38,0.0,0.08,51.84,0.48,28.11,126.25,0,85,PM10,27.107040246725326,123.01723629822682,0.011904761904761862,93,112,105
2025-07-25 15:17:00,15,25,7,4,71,29,p2,28,81,997,7.03,242,3,78.78,0.0,0.08,53.31,0.4,23.72,90.69,0,82,PM2.5,26.641387624791815,114.46318302926392,-0.03529411764705881,97,113,105
2025-07-25 16:17:00,16,25,7,4,69,27,p2,28,83,997,7.12,235,3,78.95,0.0,0.08,54.43,0.41,24.0,90.91,0,81,PM2.5,26.211323140400893,107.72565347270867,-0.012195121951219523,97,114,104
2025-07-25 17:17:00,17,25,7,4,64,23,p2,28,82,998,6.52,241,3,79.14,0.0,0.08,55.26,0.42,24.79,92.18,0,80,PM2.5,25.98303284725321,103.24595100115049,-0.012345679012345734,98,113,103
2025-07-25 18:17:00,18,25,7,4,76,32,p2,28,82,999,6.76,254,3,78.72,0.0,0.08,55.38,0.43,26.18,95.9,0,80,PM2.5,26.03134685593166,101.09220616412055,0.0,100,112,101
2025-07-25 19:17:00,19,25,7,4,62,22,p2,28,83,998,7.26,247,3,77.4,0.0,0.09,54.45,0.44,27.72,99.81,0,81,PM2.5,26.338833525718908,100.6592456966766,0.012499999999999956,103,111,99
2025-07-25 20:17:00,20,25,7,4,74,30,p2,28,83,998,7.44,248,4,76.17,0.0,0.09,53.29,0.44,29.03,101.33,0,82,PM2.5,26.856601388684606,100.7659920077067,0.012345679012345734,106,110,97
2025-07-25 21:17:00,21,25,7,4,72,30,p2,28,82,997,7.52,253,4,75.14,0.0,0.09,52.33,0.44,29.99,101.76,0,84,PM2.5,27.588042864216042,100.94670114168899,0.024390243902439046,108,109,94
2025-07-25 22:17:00,22,25,7,4,63,22,p2,28,81,997,7.32,257,3,74.59,0.0,0.09,51.79,0.43,30.59,99.36,0,85,PM2.5,28.346915918053156,100.36196368387486,0.011904761904761862,110,107,89
2025-07-25 23:17:00,23,25,7,4,63,22,p2,28,81,997,7.45,265,3,74.27,0.0,0.09,51.51,0.43,31.16,97.94,0,87,PM2.5,29.112527789435013,99.52963734910384,0.0235294117647058,110,104,86
2025-07-26 00:17:00,0,26,7,5,56,17,p2,28,80,997,7.58,267,3,73.88,0.0,0.08,51.58,0.42,31.61,99.05,0,88,PM2.5,29.821184144868905,99.25192793672304,0.011494252873563315,111,102,85
2025-07-26 01:17:00,1,26,7,5,57,18,p2,27,80,997,7.53,271,3,74.12,0.0,0.08,52.05,0.41,31.52,99.85,0,89,PM2.5,30.274721540340355,99.2798604918221,0.011363636363636465,110,99,85
2025-07-26 02:17:00,2,26,7,5,61,21,p2,28,79,998,6.48,265,4,74.2,0.0,0.08,52.67,0.41,31.46,102.82,0,90,PM2.5,30.598105168720053,98.88974064453907,0.011235955056179803,109,98,86
2025-07-26 03:17:00,3,26,7,5,65,24,p2,28,78,998,6.35,255,4,73.82,0.0,0.09,52.9,0.42,31.68,108.37,0,91,PM2.5,30.899576573111446,101.1424182538417,0.011111111111111072,109,96,86
2025-07-26 04:17:00,4,26,7,5,61,21,p2,28,76,999,6.92,254,4,73.03,0.0,0.09,52.71,0.44,32.12,117.84,0,91,PM2.5,31.21000708177376,105.63972111015083,0.0,108,95,88
2025-07-26 05:17:00,5,26,7,5,64,23,p2,29,75,999,7.8,259,4,72.19,0.01,0.07,52.13,0.46,32.48,127.85,0,92,PM2.5,31.451666481340386,112.0006826966717,0.01098901098901095,107,95,90
2025-07-26 06:17:00,6,26,7,5,63,23,p2,29,74,998,8.21,257,4,71.09,0.01,0.06,51.43,0.48,32.5,135.45,0,92,PM2.5,31.593483431108808,119.38368326408184,0.0,105,95,93
2025-07-26 07:17:00,7,26,7,5,72,30,p2,29,73,998,8.24,252,4,70.28,0.01,0.05,50.64,0.5,32.17,141.4,0,92,PM2.5,31.682760421355447,127.2150007620262,0.0,104,96,95
2025-07-26 08:17:00,8,26,7,5,64,23,p2,29,72,998,7.78,249,4,69.79,0.01,0.05,50.02,0.51,31.67,145.78,0,92,PM2.5,31.72816746447599,134.0838106907438,0.0,103,96,99
2025-07-26 09:17:00,9,26,7,5,70,28,p2,29,72,997,7.91,255,4,69.71,0.01,0.05,49.54,0.51,31.25,148.79,0,93,PM10,31.737410313260337,139.62316514385103,0.010869565217391353,103,97,103
2025-07-26 10:17:00,10,26,7,5,79,34,p2,29,72,997,8.03,261,4,70.11,0.01,0.05,49.17,0.51,31.07,150.75,0,95,PM10,31.725949038874603,143.8516999543642,0.021505376344086002,104,99,107
2025-07-26 11:17:00,11,26,7,5,72,29,p2,29,73,996,8.31,258,4,70.58,0.01,0.05,49.01,0.52,30.96,151.0,0,96,PM10,31.67745725183519,146.27978569737184,0.010526315789473717,105,100,110
2025-07-26 12:17:00,12,26,7,5,67,25,p2,29,75,996,7.15,255,4,71.18,0.01,0.06,49.2,0.52,31.13,150.94,0,97,PM10,31.622745946623294,147.87748687880102,0.01041666666666674,108,102,111
2025-07-26 13:17:00,13,26,7,5,62,22,p2,28,77,996,6.82,247,4,72.08,0.0,0.07,49.72,0.54,31.9,152.86,0,98,PM10,31.65865997430593,149.47681618550396,0.010309278350515427,110,104,110
2025-07-26 14:17:00,14,26,7,5,67,25,p2,28,79,997,7.0,245,4,73.25,0.0,0.08,50.64,0.56,34.56,163.53,0,93,PM2.5,32.03287667260194,154.49002547485162,-0.05102040816326525,112,105,109
2025-07-26 15:17:00,15,26,7,5,71,28,p2,28,80,997,7.45,245,4,74.05,0.0,0.09,50.64,0.53,31.28,136.92,0,97,PM10,31.93926439390926,148.6400670491514,0.043010752688172005,113,105,108
2025-07-26 16:17:00,16,26,7,5,73,30,p2,28,80,998,7.7,250,4,74.49,0.0,0.09,51.31,0.55,33.48,146.43,0,97,PM10,32.151395612218955,148.2028518470403,0.0,114,104,107
2025-07-26 17:17:00,17,26,7,5,82,37,p2,28,80,998,7.56,256,4,74.61,0.0,0.09,51.91,0.56,35.68,156.45,0,98,PM10,32.74969141811876,150.05035974095964,0.010309278350515427,113,103,106
2025-07-26 18:17:00,18,26,7,5,87,41,p2,28,79,998,7.65,257,4,74.39,0.0,0.09,52.2,0.58,37.73,166.54,0,100,PM10,33.89991646214911,153.60119859515532,0.020408163265306145,112,101,106
2025-07-26 19:17:00,19,26,7,5,79,34,p2,27,78,998,7.34,260,4,73.65,0.0,0.09,52.11,0.6,39.07,174.78,0,103,PM10,35.22927215949137,159.08681123384386,0.030000000000000027,111,99,106
2025-07-26 20:17:00,20,26,7,5,81,36,p2,27,78,998,7.34,266,4,72.86,0.0,0.09,51.85,0.6,39.52,179.8,0,106,PM10,36.32299186238923,164.82645293742965,0.029126213592232997,110,97,105
2025-07-26 21:17:00,21,26,7,5,64,23,p2,27,79,997,6.64,257,4,72.01,0.0,0.09,51.55,0.61,39.32,182.04,0,108,PM10,37.07081185077494,169.64094000866754,0.018867924528301883,109,94,104
2025-07-26 22:17:00,22,26,7,5,73,30,p2,27,79,997,7.45,257,4,71.51,0.0,0.09,51.26,0.62,38.74,181.14,0,110,PM10,37.52613637608542,172.74634451768114,0.0185185185185186,107,89,103
2025-07-26 23:17:00,23,26,7,5,64,23,p2,27,80,997,7.27,257,4,70.82,0.0,0.09,50.83,0.62,37.78,177.58,0,110,PM10,37.63839490281619,174.1676739036079,0.0,104,86,102
2025-07-27 00:17:00,0,27,7,6,68,26,p2,27,80,997,6.93,260,4,70.33,0.0,0.09,50.45,0.62,36.78,173.61,0,111,PM10,37.516611822212056,174.21987738963423,0.009090909090909038,102,85,101
2025-07-27 01:17:00,1,27,7,6,61,21,p2,27,79,998,7.03,259,4,70.16,0.0,0.09,50.38,0.61,35.86,170.44,0,110,PM10,37.224327997206586,173.43067738632104,-0.009009009009009028,99,85,101
2025-07-27 02:17:00,2,27,7,6,70,28,p2,27,79,998,7.22,257,4,70.25,0.0,0.09,50.74,0.59,34.81,167.11,0,109,PM10,36.72428945312874,171.89412124739616,-0.009090909090909038,98,86,94
2025-07-27 03:17:00,3,27,7,6,63,22,p2,27,78,998,7.79,263,4,70.2,0.0,0.09,50.79,0.59,33.59,163.34,0,109,PM10,36.3777099735345,170.45678643747826,0.0,96,86,101
2025-07-27 04:17:00,4,27,7,6,63,23,p2,28,77,999,7.27,262,4,69.41,0.0,0.09,50.2,0.59,32.37,159.19,0,108,PM10,35.52193797835305,169.43134028742358,-0.00917431192660545,95,88,102
2025-07-27 05:17:00,5,27,7,6,62,21,p2,28,77,999,7.29,258,4,68.64,0.01,0.08,49.31,0.6,31.23,155.13,0,107,PM10,34.38665755524375,167.18101483595507,-0.0092592592592593,95,90,102
2025-07-27 06:17:00,6,27,7,6,63,22,p2,28,75,998,7.24,256,4,68.09,0.01,0.07,48.84,0.6,30.25,151.96,0,105,PM10,33.165441358890085,163.9428632269671,-0.01869158878504673,95,93,101
2025-07-27 07:17:00,7,27,7,6,90,43,p2,29,74,998,7.56,253,4,68.72,0.01,0.07,49.27,0.58,29.57,150.38,0,104,PM10,32.05767107486578,160.85534871722368,-0.00952380952380949,96,95,102
2025-07-27 08:17:00,8,27,7,6,66,25,p2,29,74,997,7.36,249,4,69.94,0.01,0.06,50.22,0.55,29.94,154.11,0,103,PM10,31.480059057444223,159.1803059123428,-0.009615384615384581,96,99,103
2025-07-27 09:17:00,9,27,7,6,63,22,p2,29,74,997,7.76,243,4,70.9,0.01,0.06,50.85,0.54,31.46,163.08,0,103,PM10,31.47412359828268,159.56653517494811,0.0,97,103,108
2025-07-27 10:17:00,10,27,7,6,62,21,p2,29,74,997,7.6,240,4,71.54,0.01,0.06,50.93,0.54,33.35,173.66,0,104,PM10,31.91108488915729,161.82853093271473,0.009708737864077666,99,107,112
2025-07-27 15:17:00,15,27,7,6,69,27,p2,28,79,998,6.91,234,4,73.54,0.0,0.09,51.0,0.56,34.9,175.49,0,105,PM10,32.502429998033485,163.75125166191805,0.009615384615384581,100,110,116
2025-07-27 16:17:00,16,27,7,6,74,30,p2,28,79,999,6.91,235,4,73.66,0.0,0.09,50.7,0.55,36.86,185.55,0,108,PM10,33.366639872670625,168.58820467984245,0.02857142857142847,102,111,117
2025-07-27 17:17:00,17,27,7,6,81,36,p2,28,78,999,7.41,244,4,73.49,0.0,0.09,50.21,0.54,37.0,187.84,0,110,PM10,34.12522074710706,172.93766625810278,0.0185185185185186,104,110,118
2025-07-27 18:17:00,18,27,7,6,81,36,p2,27,80,999,7.95,249,4,72.91,0.0,0.09,49.5,0.55,37.37,191.53,0,112,PM10,34.88387290309462,177.74169459002977,0.018181818181818077,105,109,116
2025-07-27 19:17:00,19,27,7,6,79,34,p2,27,81,999,7.49,256,4,71.45,0.0,0.1,47.68,0.58,36.2,185.47,0,113,PM10,35.193504720963205,179.6782132592205,0.008928571428571397,105,108,115
2025-07-27 20:17:00,20,27,7,6,73,30,p2,27,80,999,7.74,262,4,70.95,0.0,0.1,46.81,0.58,35.24,182.84,0,114,PM10,35.24161357204202,180.6525846688456,0.008849557522123908,104,107,113
2025-07-27 21:17:00,21,27,7,6,71,29,p2,27,79,998,7.43,267,4,70.25,0.0,0.11,45.53,0.6,33.75,174.31,0,113,PM10,34.96399940706083,179.5291836347987,-0.00877192982456143,103,106,110
2025-07-27 22:17:00,22,27,7,6,67,25,p2,27,79,998,7.27,270,4,70.08,0.0,0.1,45.18,0.6,32.7,168.45,0,112,PM10,34.52423342170244,177.35456844236006,-0.008849557522123908,101,106,105
2025-07-27 23:17:00,23,27,7,6,71,29,p2,27,79,998,7.13,265,4,70.53,0.0,0.1,45.58,0.59,32.12,165.75,0,111,PM10,34.08703105807231,175.31583648270478,-0.008928571428571397,99,106,102
2025-07-28 00:17:00,0,28,7,0,65,24,p2,27,80,998,7.77,259,4,71.08,0.0,0.1,46.01,0.58,31.5,163.19,0,110,PM10,33.8030914427751,174.1553108989662,-0.009009009009009028,97,105,101
2025-07-28 01:17:00,1,28,7,0,71,29,p2,27,80,999,7.99,257,4,71.16,0.0,0.1,45.92,0.59,30.78,159.47,0,109,PM10,33.18216941651698,171.27506194062516,-0.009090909090909038,94,104,99
2025-07-28 02:17:00,2,28,7,0,68,26,p2,27,79,999,7.76,255,4,70.99,0.0,0.1,45.55,0.59,30.03,154.57,0,107,PM10,32.39989678873648,167.07998667927166,-0.01834862385321101,89,103,97
2025-07-28 03:17:00,3,28,7,0,69,27,p2,27,79,999,8.23,255,4,70.57,0.0,0.11,45.04,0.61,29.05,148.28,0,104,PM10,31.427787437862165,161.57784964214,-0.028037383177570097,86,102,96
2025-07-28 04:17:00,4,28,7,0,72,29,p2,28,78,1000,8.2,251,4,70.14,0.0,0.1,45.02,0.61,28.36,143.78,0,102,PM10,30.496856409066794,156.0665807554902,-0.019230769230769273,85,101,95
2025-07-28 05:17:00,5,28,7,0,74,30,p2,28,78,999,8.06,253,4,70.24,0.0,0.1,45.53,0.62,28.25,142.76,0,99,PM10,29.853786055227108,152.16205908402557,-0.02941176470588236,85,101,95
2025-07-28 06:17:00,6,28,7,0,75,32,p2,29,76,999,8.34,254,4,70.33,0.0,0.1,46.2,0.63,28.23,142.09,0,98,PM10,29.529250646750125,149.9702973011682,-0.010101010101010055,86,94,95
2025-07-28 07:17:00,7,28,7,0,81,36,p2,29,74,999,8.89,253,4,70.53,0.01,0.09,46.6,0.62,27.66,138.75,0,96,PM10,29.0475561377175,146.63375217668775,-0.020408163265306145,86,101,94
2025-07-28 08:17:00,8,28,7,0,78,34,p2,29,75,998,9.52,254,4,70.29,0.01,0.08,46.65,0.62,27.17,135.93,0,95,PM10,28.655470782851772,144.29502457633862,-0.01041666666666663,88,102,94
2025-07-28 09:17:00,9,28,7,0,74,31,p2,29,75,998,9.6,254,4,70.26,0.0,0.08,46.53,0.61,27.52,138.07,0,95,PM10,28.462822041527026,143.2670226638016,0.0,90,102,94
2025-07-28 10:17:00,10,28,7,0,82,37,p2,29,76,997,9.8,255,4,70.96,0.0,0.07,46.89,0.6,29.24,146.96,0,95,PM10,28.56536284724453,143.86197618326935,0.0,93,101,93
2025-07-28 11:17:00,11,28,7,0,66,24,p2,29,77,997,9.52,252,4,71.33,0.0,0.07,47.28,0.58,30.16,151.39,0,96,PM10,28.773362408465527,145.01492879225188,0.010526315789473717,95,102,93
2025-07-28 12:17:00,12,28,7,0,64,23,p2,28,78,997,8.47,249,4,71.81,0.0,0.08,47.66,0.56,31.28,156.19,0,96,PM10,29.09996957790601,146.59130435572646,0.0,99,103,93
2025-07-28 13:17:00,13,28,7,0,68,26,p2,28,80,997,8.45,246,4,71.98,0.0,0.08,47.71,0.56,32.19,160.05,0,97,PM10,29.657857079077772,148.6515600924892,0.01041666666666674,103,108,93
2025-07-28 14:17:00,14,28,7,0,75,31,p2,28,82,997,8.46,245,4,71.5,0.0,0.1,47.18,0.58,32.83,162.3,0,99,PM10,30.32395021459739,151.230672219983,0.020618556701030855,107,112,93
2025-07-28 15:17:00,15,28,7,0,64,23,p2,28,81,998,8.35,248,4,69.8,0.0,0.1,45.35,0.61,32.47,163.04,0,100,PM10,30.761812509658498,153.5959172014667,0.010101010101010166,110,116,93
2025-07-28 16:17:00,16,28,7,0,72,29,p2,28,80,999,8.34,249,4,69.78,0.0,0.1,45.41,0.61,33.38,167.78,0,102,PM10,31.40986415500266,157.2917267253613,0.020000000000000018,111,117,93
2025-07-28 17:17:00,17,28,7,0,74,31,p2,28,81,999,8.2,251,4,69.87,0.0,0.1,45.53,0.62,33.72,169.79,0,104,PM10,31.990815051867806,160.44957672860485,0.019607843137254832,110,118,94
2025-07-28 18:17:00,18,28,7,0,81,36,p2,27,80,1000,8.39,252,4,69.64,0.0,0.1,45.6,0.63,33.39,167.77,0,105,PM10,32.34374216563883,162.29085881697495,0.009615384615384581,109,116,94
2025-07-28 19:17:00,19,28,7,0,77,33,p2,27,80,1000,8.62,252,4,69.27,0.0,0.1,45.41,0.64,32.25,161.67,0,105,PM10,32.39770991797396,162.50747404085232,0.0,108,115,94
2025-07-28 20:17:00,20,28,7,0,79,34,p2,27,80,999,9.3,256,4,68.61,0.0,0.1,45.23,0.67,30.57,151.44,0,104,PM10,32.086609126046284,160.48711308945497,-0.00952380952380949,107,113,92
2025-07-28 21:17:00,21,28,7,0,73,30,p2,27,81,998,9.62,257,4,69.05,0.0,0.1,45.86,0.65,29.65,148.27,0,103,PM10,31.75718776164599,158.82746082799684,-0.009615384615384581,106,110,89
2025-07-28 22:17:00,22,28,7,0,79,35,p2,27,80,997,9.71,260,4,69.49,0.0,0.1,46.8,0.64,28.51,142.33,0,101,PM10,31.213435073345387,155.8850996413856,-0.01941747572815533,106,105,82
2025-07-28 23:17:00,23,28,7,0,77,33,p2,27,80,997,9.58,265,4,70.08,0.0,0.09,47.85,0.64,27.98,139.41,0,99,PM10,30.56095363307077,152.38975217978037,-0.01980198019801982,106,102,77
2025-07-29 00:17:00,0,29,7,1,77,33,p2,27,80,997,9.27,260,4,70.13,0.0,0.09,48.37,0.66,27.22,133.68,0,97,PM10,29.733984258262385,147.24081717618864,-0.02020202020202022,105,101,72
2025-07-29 01:17:00,1,29,7,1,77,33,p2,27,81,998,9.65,260,4,69.96,0.0,0.09,48.53,0.66,26.19,127.77,0,94,PM10,28.69389448276,141.1126251693169,-0.030927835051546393,104,99,69
2025-07-29 02:17:00,2,29,7,1,79,34,p2,27,82,998,9.76,260,4,69.72,0.0,0.09,48.56,0.65,24.66,118.46,0,89,PM10,27.2936798916035,132.5109612039464,-0.05319148936170215,103,97,68
2025-07-29 03:17:00,3,29,7,1,88,41,p2,27,81,998,9.99,261,4,69.75,0.0,0.08,48.91,0.65,24.06,115.75,0,86,PM10,26.219103824085703,126.54739497456526,-0.0337078651685393,102,96,67
2025-07-29 04:17:00,4,29,7,1,83,37,p2,28,80,999,10.18,260,4,70.22,0.01,0.07,49.46,0.65,24.47,119.97,0,85,PM10,25.672789085228516,124.29907989602579,-0.011627906976744207,101,95,69
2025-07-29 06:17:00,6,29,7,1,65,24,p2,29,77,999,10.32,261,4,71.47,0.01,0.06,66.15,0.64,0.5,125.23,0,85,PM10,12.604700854700855,124.61900509168406,0.0,101,95,70
2025-07-29 07:17:00,7,29,7,1,92,44,p2,29,75,998,11.01,261,4,71.72,0.01,0.05,49.03,0.63,25.26,125.98,0,86,PM10,18.93135775335775,125.21544926548916,0.0117647058823529,94,95,70
2025-07-29 08:17:00,8,29,7,1,78,34,p2,29,76,998,10.98,258,4,71.67,0.01,0.05,47.65,0.63,25.96,127.85,0,86,PM10,22.44491086691087,126.14845227806458,0.0,101,94,71
2025-07-29 10:17:00,10,29,7,1,72,29,p2,29,75,996,10.35,255,4,72.58,0.01,0.05,45.87,0.64,29.48,140.92,0,88,PM10,25.962322344322338,129.40251968448504,0.023255813953488413,102,94,72
2025-07-29 11:17:00,11,29,7,1,68,26,p2,29,77,996,10.03,248,4,73.7,0.01,0.05,45.86,0.62,30.83,146.16,0,90,PM10,28.396305250305254,132.80447856387966,0.022727272727272707,102,94,75
2025-07-29 12:17:00,12,29,7,1,64,23,p2,28,79,996,9.88,245,4,74.56,0.01,0.06,46.06,0.62,32.87,154.91,0,93,PM10,30.633684981684976,139.25957781547308,0.03333333333333344,101,93,74
2025-07-29 13:17:00,13,29,7,1,63,22,p2,28,79,997,9.9,248,4,75.1,0.0,0.07,46.31,0.59,32.32,156.21,0,95,PM10,31.477372405372403,143.94657658812315,0.021505376344086002,102,93,74
2025-07-29 14:17:00,14,29,7,1,75,32,p2,27,82,997,9.44,245,4,74.81,0.0,0.09,46.19,0.6,34.48,165.05,0,99,PM10,32.97957264957265,151.54476326063474,0.042105263157894646,103,93,75
2025-07-29 15:17:00,15,29,7,1,77,33,p2,27,82,998,8.74,249,4,73.98,0.0,0.1,45.79,0.62,36.42,173.6,0,103,PM10,34.701035409035406,160.0185479007404,0.04040404040404044,108,93,77
2025-07-29 16:17:00,16,29,7,1,82,37,p2,27,81,998,8.73,256,4,72.98,0.0,0.1,45.45,0.63,37.59,180.19,0,107,PM10,36.147096459096446,168.04333692918462,0.03883495145631066,112,93,78
2025-07-29 17:17:00,17,29,7,1,85,39,p2,27,81,998,8.74,257,4,71.69,0.0,0.1,45.18,0.64,37.8,183.27,0,110,PM10,36.97522588522588,173.0799887785999,0.028037383177569986,116,93,78
2025-07-29 18:17:00,18,29,7,1,91,44,p2,27,81,999,8.95,260,4,70.02,0.0,0.1,44.55,0.67,37.07,180.57,0,111,PM10,37.024151404151404,174.73923280160548,0.009090909090909038,117,93,78
2025-07-29 19:17:00,19,29,7,1,83,37,p2,27,80,998,9.08,261,4,67.67,0.0,0.11,43.62,0.71,35.5,170.75,0,110,PM10,36.05882735643634,173.54056630832437,-0.009009009009009028,118,94,77
2025-07-29 20:17:00,20,29,7,1,86,40,p2,27,80,998,8.98,259,4,67.08,0.0,0.11,43.48,0.71,34.24,165.57,0,109,PM10,35.47229526460676,171.13252899897608,-0.009090909090909038,116,94,75
2025-07-29 21:17:00,21,29,7,1,85,39,p2,27,80,997,8.84,257,4,66.6,0.0,0.11,43.53,0.72,33.36,160.21,0,108,PM10,34.945533716622926,168.29741471205583,-0.00917431192660545,115,94,73
2025-07-29 22:17:00,22,29,7,1,78,34,p2,27,80,997,9.1,263,4,66.84,0.0,0.1,44.26,0.72,33.15,158.89,0,107,PM10,34.66844103808956,166.61800757211992,-0.0092592592592593,113,92,70
2025-07-29 23:17:00,23,29,7,1,77,33,p2,27,80,996,8.75,262,4,66.8,0.0,0.11,44.8,0.74,33.44,158.26,0,106,PM10,34.605681080733376,165.90019772391523,-0.009345794392523366,110,89,68
2025-07-30 00:17:00,0,30,7,2,78,34,p2,27,81,996,8.2,258,4,67.19,0.0,0.1,45.43,0.72,33.38,159.09,0,106,PM10,34.44131149533179,165.0928794382099,0.0,105,82,67
2025-07-30 01:17:00,1,30,7,2,81,36,p2,27,83,996,8.82,256,4,67.3,0.0,0.1,45.68,0.73,33.25,157.99,0,106,PM10,34.39573157121162,164.33518760648718,0.0,102,77,65
2025-07-30 02:17:00,2,30,7,2,82,37,p2,27,83,997,9.01,252,4,67.2,0.0,0.1,45.74,0.74,32.69,154.97,0,105,PM10,34.064258880693394,162.29763758405716,-0.009433962264150941,101,72,64
2025-07-30 03:17:00,3,30,7,2,95,46,p2,27,81,997,9.66,255,4,67.5,0.0,0.09,46.34,0.74,32.26,153.48,0,104,PM10,33.64281938160194,160.23564326337646,-0.00952380952380949,99,69,63
2025-07-30 04:17:00,4,30,7,2,90,43,p2,28,81,998,9.58,255,4,68.33,0.01,0.09,47.63,0.73,32.16,154.11,0,103,PM10,33.27412672268738,158.6673624589596,-0.009615384615384581,97,68,62
2025-07-30 05:17:00,5,30,7,2,77,33,p2,28,80,998,9.44,254,4,68.49,0.01,0.08,48.34,0.72,31.61,151.74,0,102,PM10,32.87814067182563,156.90441752808331,-0.009708737864077666,96,67,61
2025-07-30 06:17:00,6,30,7,2,76,32,p2,28,79,998,9.52,256,4,68.57,0.01,0.07,49.04,0.7,31.61,150.71,0,101,PM10,32.67713897860796,155.92518183281663,-0.009803921568627416,95,69,61
2025-07-30 07:17:00,7,30,7,2,84,38,p2,29,77,997,9.58,256,4,68.58,0.01,0.06,49.29,0.69,32.02,151.81,0,101,PM10,32.564052926691225,155.17053933487696,0.0,95,70,61
2025-07-30 08:17:00,8,30,7,2,84,38,p2,29,76,997,8.98,254,4,68.57,0.01,0.05,49.24,0.67,32.67,154.76,0,94,PM2.5,32.535524950057386,154.9452324320062,-0.06930693069306926,95,70,61
2025-07-30 09:17:00,9,30,7,2,81,36,p2,29,75,997,8.76,254,4,69.46,0.01,0.05,49.08,0.66,34.42,162.64,0,101,PM10,32.695346851763006,155.50974227879732,0.07446808510638303,94,71,61
2025-07-30 10:17:00,10,30,7,2,67,25,p2,29,77,996,7.89,247,4,69.66,0.01,0.05,48.43,0.66,34.95,161.37,0,102,PM10,32.98489440403776,156.0613082129932,0.00990099009900991,94,72,61
2025-07-30 11:17:00,11,30,7,2,62,21,p2,28,80,996,8.3,243,4,69.2,0.01,0.06,47.87,0.67,34.92,157.02,0,102,PM10,33.230320342806735,156.0707787525724,0.0,94,75,61
2025-07-30 12:17:00,12,30,7,2,67,25,p2,28,80,996,7.67,236,4,69.64,0.01,0.07,47.53,0.68,35.9,155.81,0,101,PM10,33.697987943331746,155.89068775961456,-0.009803921568627416,93,74,61
2025-07-30 13:17:00,13,30,7,2,78,34,p2,28,79,996,7.28,235,4,71.2,0.0,0.09,47.67,0.69,38.61,159.4,0,102,PM10,34.927239567331966,156.21729765364955,0.00990099009900991,93,74,61
2025-07-30 14:17:00,14,30,7,2,68,26,p2,28,80,997,6.11,237,4,71.82,0.0,0.11,47.98,0.69,40.18,163.23,0,103,PM2.5,36.33190148735085,157.17424392868963,0.009803921568627416,93,75,61
2025-07-30 15:17:00,15,30,7,2,108,54,p2,28,80,997,6.48,236,4,72.83,0.0,0.11,48.27,0.69,42.78,168.55,0,108,PM2.5,38.42727519252248,159.23156460628303,0.04854368932038833,93,77,62
2025-07-30 16:17:00,16,30,7,2,103,52,p2,28,81,998,6.7,237,4,73.32,0.0,0.11,48.81,0.69,43.54,176.58,0,112,PM2.5,40.00648117867461,162.90905943634436,0.03703703703703698,93,78,63
2025-07-30 17:17:00,17,30,7,2,84,39,p2,28,81,998,5.93,230,4,73.59,0.0,0.12,48.46,0.69,44.29,178.42,0,116,PM2.5,41.405511742865116,166.13214447683606,0.03571428571428581,93,78,64
2025-07-30 18:17:00,18,30,7,2,92,44,p2,28,78,999,5.77,237,4,73.32,0.0,0.12,47.6,0.7,44.1,177.49,0,117,PM2.5,42.143118983717855,168.34049351168696,0.008620689655172376,93,78,65
2025-07-30 19:17:00,19,30,7,2,81,36,p2,28,79,998,5.71,240,4,72.76,0.0,0.12,46.37,0.7,42.87,173.4,0,118,PM2.5,42.29079797632936,169.2072248601535,0.008547008547008517,94,77,65
2025-07-30 20:17:00,20,30,7,2,82,36,p2,28,77,997,6.86,252,4,72.46,0.0,0.12,45.41,0.7,40.82,167.39,0,116,PM2.5,41.779149551143824,169.23386424946676,-0.016949152542372836,94,75,65
2025-07-30 21:17:00,21,30,7,2,72,29,p2,28,80,997,6.81,255,4,72.44,0.0,0.12,44.94,0.69,38.58,161.85,0,115,PM2.5,41.1061720620586,168.27364040329672,-0.008620689655172376,94,73,65
2025-07-30 22:17:00,22,30,7,2,69,27,p2,27,79,997,6.57,265,4,72.61,0.0,0.11,45.1,0.67,36.59,157.76,0,113,PM2.5,40.17197773168209,166.82929121562583,-0.017391304347826098,92,70,65
2025-07-30 23:17:00,23,30,7,2,79,34,p2,27,79,997,5.67,264,4,72.67,0.0,0.11,45.46,0.66,34.77,153.19,0,110,PM2.5,38.99798726534685,164.7606168856241,-0.026548672566371723,89,68,65
2025-07-31 00:17:00,0,31,7,3,60,20,p2,27,80,997,4.97,253,4,72.26,0.0,0.11,45.83,0.65,33.13,146.23,0,105,PM2.5,37.251885983971086,160.69632964037305,-0.045454545454545414,82,67,66
2025-07-31 01:17:00,1,31,7,3,57,18,p2,27,80,998,4.56,232,4,71.87,0.0,0.11,46.25,0.65,32.12,146.89,0,102,PM10,35.60672113376143,157.9771382784483,-0.02857142857142858,77,65,66
2025-07-31 02:17:00,2,31,7,3,88,41,p2,27,80,998,4.58,225,4,71.02,0.0,0.11,46.41,0.67,31.62,146.78,0,101,PM10,34.320228567412116,155.6567883538859,-0.009803921568627416,72,64,66
2025-07-31 03:17:00,3,31,7,3,88,41,p2,27,80,999,4.89,225,4,70.03,0.0,0.11,46.42,0.68,30.76,142.75,0,99,PM10,33.02652764398863,152.1089472769489,-0.01980198019801982,69,63,66
2025-07-31 04:17:00,4,31,7,3,87,41,p2,28,79,999,5.4,226,4,69.8,0.01,0.1,46.72,0.66,30.01,140.76,0,97,PM10,31.89518589519234,148.922172089175,-0.02020202020202022,68,62,65
2025-07-31 05:17:00,5,31,7,3,76,33,p2,28,78,999,5.65,221,4,69.97,0.01,0.09,46.92,0.65,29.71,138.55,0,96,PM10,31.11703247872337,145.95496493981958,-0.010309278350515427,67,61,64
2025-07-31 06:17:00,6,31,7,3,69,27,p2,29,77,1000,6.57,221,4,70.66,0.01,0.08,47.15,0.63,29.83,138.61,0,95,PM10,30.77196881122729,144.3756627191814,-0.01041666666666663,69,61,63
2025-07-31 07:17:00,7,31,7,3,73,30,p2,29,77,999,6.72,227,4,71.45,0.01,0.07,47.29,0.61,30.23,140.3,0,95,PM10,30.722022072255754,143.69896026673615,0.0,70,61,63
2025-07-31 08:17:00,8,31,7,3,76,32,p2,29,76,999,6.53,229,4,72.14,0.01,0.07,47.02,0.6,30.57,141.63,0,95,PM10,30.771846968624967,143.30084073200308,0.0,70,61,62
2025-07-31 10:17:00,10,31,7,3,69,27,p2,29,76,998,6.56,236,4,72.29,0.01,0.06,46.05,0.58,30.65,139.9,0,94,PM10,30.775810577440676,142.52677342882876,-0.010526315789473717,71,61,62
2025-07-31 11:17:00,11,31,7,3,66,24,p2,29,76,998,6.52,235,4,72.47,0.01,0.07,45.84,0.57,30.61,138.76,0,94,PM10,30.725348139347464,141.7288441559954,0.0,72,61,60
2025-07-31 12:17:00,12,31,7,3,67,25,p2,29,76,998,5.92,239,4,72.78,0.0,0.08,45.9,0.57,30.54,138.07,0,94,PM10,30.637859868332495,141.06467829693412,0.0,75,61,59
2025-07-31 13:17:00,13,31,7,3,67,26,p2,29,76,998,5.39,236,4,73.11,0.0,0.1,45.9,0.57,30.84,137.36,0,93,PM10,30.579957852385835,140.3195248605174,-0.010638297872340385,74,61,58
2025-07-31 14:17:00,14,31,7,3,65,24,p2,29,77,999,5.12,227,4,73.4,0.0,0.11,46.04,0.55,30.73,138.37,0,93,PM10,30.51944157374208,139.7503076999953,0.0,74,61,57
2025-07-31 15:17:00,15,31,7,3,69,27,p2,29,77,999,4.92,226,4,73.66,0.0,0.11,45.93,0.55,30.98,139.21,0,93,PM10,30.493415539349023,139.40039343854633,0.0,75,61,56
2025-07-31 16:17:00,16,31,7,3,72,29,p2,29,77,999,5.09,227,4,73.43,0.0,0.11,45.51,0.53,30.66,140.34,0,93,PM10,30.493962034396375,139.28879861805572,0.0,77,62,56
2025-07-31 17:17:00,17,31,7,3,79,35,p2,29,78,1000,5.22,232,4,73.65,0.0,0.11,45.33,0.52,30.98,141.05,0,93,PM10,30.57482701652612,139.36159300253675,0.0,78,63,55
2025-07-31 18:17:00,18,31,7,3,69,27,p2,28,79,1000,5.35,237,4,74.6,0.0,0.11,45.46,0.53,32.27,144.97,0,93,PM10,30.862096652749646,140.0404102760085,0.0,78,64,55
2025-07-31 19:17:00,19,31,7,3,81,36,p2,28,80,1000,5.88,236,4,75.02,0.0,0.1,45.26,0.51,31.96,145.27,0,93,PM10,31.025382195732057,140.71024238913301,0.0,78,65,55
2025-07-31 20:17:00,20,31,7,3,82,37,p2,28,80,1000,5.59,236,4,76.05,0.0,0.1,45.28,0.5,32.31,147.71,0,94,PM10,31.199519392592087,141.65925732918956,0.010752688172043001,77,65,54
2025-07-31 23:17:00,23,31,7,3,65,24,p2,27,80,999,5.74,255,4,76.8,0.0,0.1,45.07,0.51,30.45,141.39,0,94,PM10,31.15516968645335,141.62830162399914,0.0,75,65,54
2025-08-01 00:17:00,0,1,8,4,59,19,p2,27,79,1000,4.48,251,4,76.35,0.0,0.1,45.1,0.52,29.13,134.92,0,94,PM10,30.94032500393163,140.9600212559136,0.0,73,65,54
2025-08-01 01:17:00,1,1,8,4,60,20,p2,27,79,1000,4.18,244,4,75.91,0.0,0.1,45.32,0.52,27.55,125.54,0,92,PM10,30.333887491082102,138.42277023520882,-0.021276595744680882,70,65,53
2025-08-01 02:17:00,2,1,8,4,53,15,p2,28,79,1001,3.87,241,4,75.97,0.0,0.1,46.0,0.5,25.33,112.57,0,89,PM10,28.989676352022325,131.10130840276943,-0.03260869565217395,68,65,53
2025-08-01 03:17:00,3,1,8,4,70,28,p2,28,78,1001,5.15,238,3,76.18,0.0,0.1,46.76,0.47,22.97,97.93,0,82,PM2.5,26.836526091626286,117.56452872984538,-0.0786516853932584,67,66,52
2025-08-01 04:17:00,4,1,8,4,63,22,p2,28,76,1002,5.81,237,3,76.26,0.01,0.09,47.37,0.45,20.95,86.99,0,77,PM2.5,24.35460731169259,102.84213733672011,-0.060975609756097615,65,66,51
2025-08-01 05:17:00,5,1,8,4,61,21,p2,29,74,1002,5.96,232,3,76.32,0.01,0.08,47.84,0.44,19.62,79.62,0,72,PM2.5,22.22174108109741,90.7709128367613,-0.06493506493506496,64,66,50
2025-08-01 06:17:00,6,1,8,4,64,23,p2,29,72,1002,6.28,234,3,76.2,0.01,0.07,47.69,0.44,18.94,74.92,0,69,PM2.5,20.734429696887275,82.24996771206878,-0.04166666666666663,63,66,49
2025-08-01 07:17:00,7,1,8,4,71,28,p2,29,70,1002,7.06,236,3,75.69,0.01,0.06,46.85,0.44,18.91,76.2,0,68,PM2.5,19.965069941631246,79.25933729212797,-0.01449275362318836,62,65,49
2025-08-01 08:17:00,8,1,8,4,63,22,p2,30,69,1001,7.21,239,3,74.89,0.01,0.06,45.42,0.47,19.61,81.42,0,67,PM2.5,19.809316070689263,80.3150086052017,-0.014705882352941124,61,64,48
2025-08-01 09:17:00,9,1,8,4,63,23,p2,30,69,1001,7.38,240,3,74.29,0.01,0.06,43.92,0.5,21.4,90.75,0,69,PM2.5,20.461938248280532,85.44947615791372,0.029850746268656803,61,63,47
2025-08-01 10:17:00,10,1,8,4,61,21,p2,30,70,1000,7.23,239,3,74.9,0.01,0.06,43.15,0.49,21.59,92.47,0,70,PM2.5,20.90130196178463,88.67944947905518,0.01449275362318847,61,63,46
2025-08-01 11:17:00,11,1,8,4,61,21,p2,29,70,1000,7.05,240,3,75.54,0.01,0.06,42.77,0.49,22.07,95.75,0,70,PM2.5,21.29458167193767,91.6805413144987,0.0,61,62,45
2025-08-01 12:17:00,12,1,8,4,61,20,p2,29,71,1000,7.41,239,3,76.01,0.01,0.06,42.66,0.49,22.57,99.07,0,71,PM2.5,21.646634769329644,94.33342621927099,0.014285714285714235,61,62,45
2025-08-01 13:17:00,13,1,8,4,62,22,p2,29,74,1000,7.31,241,4,75.94,0.01,0.07,42.89,0.51,24.27,107.63,0,72,PM2.5,22.20211563966828,98.02455075449681,0.014084507042253502,61,60,45
2025-08-01 14:17:00,14,1,8,4,62,21,p2,29,76,1000,7.2,239,4,75.88,0.0,0.09,43.01,0.51,25.11,113.13,0,75,PM10,22.897579854593005,103.18287212132782,0.04166666666666674,61,59,45
2025-08-01 15:17:00,15,1,8,4,64,23,p2,28,79,1001,6.68,237,3,81.21,0.0,0.09,44.89,0.41,22.71,93.13,0,74,PM2.5,22.849054036643732,99.77586477875614,-0.013333333333333308,61,58,45
2025-08-01 16:17:00,16,1,8,4,61,21,p2,28,80,1001,6.89,237,4,79.83,0.0,0.09,44.45,0.43,23.78,100.2,0,74,PM2.5,23.10297010919836,99.95109514947345,0.0,61,57,45
2025-08-01 17:17:00,17,1,8,4,66,25,p2,28,81,1002,6.62,242,4,78.02,0.0,0.09,43.95,0.44,24.91,107.23,0,75,PM2.5,23.594111350856124,102.476402761086,0.013513513513513598,61,56,46
2025-08-01 18:17:00,18,1,8,4,64,23,p2,28,80,1002,5.81,242,4,75.88,0.0,0.09,43.28,0.45,25.94,114.88,0,77,PM2.5,24.344704114565083,106.7432131795448,0.026666666666666616,62,56,48
2025-08-01 19:17:00,19,1,8,4,67,25,p2,28,78,1002,6.26,252,4,73.78,0.0,0.09,42.67,0.46,26.18,118.47,0,78,PM2.5,24.79468684850518,110.24859869224713,0.01298701298701288,63,55,50
2025-08-01 20:17:00,20,1,8,4,61,21,p2,28,78,1002,7.2,260,4,72.38,0.0,0.09,42.68,0.45,25.45,114.6,0,78,PM2.5,24.731464630078342,110.07644900957688,0.0,64,55,52
2025-08-01 21:17:00,21,1,8,4,63,22,p2,27,77,1001,7.48,260,4,71.83,0.0,0.09,43.18,0.43,23.97,105.1,0,78,PM10,24.620916234430585,108.88873471820122,0.0,65,55,53
2025-08-01 22:17:00,22,1,8,4,60,20,p2,27,77,1001,7.29,259,3,72.14,0.0,0.09,44.26,0.4,22.41,96.09,0,77,PM2.5,24.253403492964296,106.14378243265925,-0.012820512820512775,65,54,53
2025-08-01 23:17:00,23,1,8,4,58,19,p2,27,77,1001,6.95,256,3,72.95,0.0,0.08,45.66,0.38,20.9,85.73,0,75,PM2.5,23.545104419682175,100.18402295465873,-0.025974025974025983,65,54,53
2025-08-02 00:17:00,0,2,8,5,52,14,p2,27,78,1001,6.71,255,3,73.7,0.0,0.08,47.05,0.36,19.69,76.59,0,73,PM2.5,22.427394970173907,90.50126328881686,-0.026666666666666616,65,54,53
2025-08-02 01:17:00,1,2,8,5,56,17,p2,27,80,1001,6.73,253,3,74.53,0.0,0.08,48.41,0.35,18.9,71.78,0,70,PM2.5,21.27427492602555,82.16938858143712,-0.04109589041095896,65,53,52
2025-08-02 02:17:00,2,2,8,5,60,20,p2,28,79,1002,6.95,257,3,74.93,0.0,0.08,49.47,0.34,18.47,69.11,0,68,PM2.5,20.331120068047003,76.20544965622462,-0.02857142857142858,65,53,52
2025-08-02 03:17:00,3,2,8,5,64,23,p2,28,76,1002,7.73,258,3,75.01,0.0,0.08,50.09,0.34,18.18,67.12,0,67,PM2.5,19.599244096990546,71.95062255535927,-0.014705882352941124,66,52,52
2025-08-02 04:17:00,4,2,8,5,66,24,p2,29,73,1003,8.33,260,3,74.44,0.01,0.06,50.21,0.33,17.84,64.88,0,65,PM2.5,18.96013805289174,68.48459906733785,-0.02985074626865669,66,51,51
2025-08-02 05:17:00,5,2,8,5,70,28,p2,29,72,1003,8.08,258,3,73.77,0.01,0.05,49.75,0.33,17.44,62.66,0,64,PM2.5,18.37581054053494,65.54903623766717,-0.01538461538461533,66,50,47
2025-08-02 06:17:00,6,2,8,5,69,26,p2,29,71,1002,7.76,259,3,73.16,0.01,0.05,48.92,0.32,16.96,60.82,0,63,PM2.5,17.80559535319019,63.128572446008924,-0.015625,66,49,50
2025-08-02 07:17:00,7,2,8,5,70,27,p2,29,71,1002,7.58,251,3,72.7,0.01,0.04,47.9,0.32,16.31,59.92,0,62,PM2.5,17.23439482739848,61.64260999036227,-0.015873015873015928,65,49,48
2025-08-02 08:17:00,8,2,8,5,73,30,p2,30,71,1002,7.59,246,3,72.24,0.01,0.04,46.82,0.32,15.84,60.5,0,61,PM2.5,16.788247497265242,61.40948523790217,-0.016129032258064502,64,48,49
2025-08-02 09:17:00,9,2,8,5,76,32,p2,29,71,1001,8.21,247,3,70.77,0.01,0.04,45.33,0.34,16.3,67.26,0,61,PM2.5,16.74187293212338,63.88649168486839,0.0,63,47,49
2025-08-02 10:17:00,10,2,8,5,70,28,p2,29,72,1001,8.61,249,3,70.89,0.01,0.04,44.59,0.34,16.29,67.16,0,61,PM2.5,16.720777207100657,64.94115300237277,0.0,63,46,49
2025-08-02 11:17:00,11,2,8,5,70,27,p2,29,73,1001,8.84,249,3,70.18,0.01,0.04,43.89,0.35,16.74,70.93,0,61,PM2.5,16.78635761759717,66.2111729640903,0.0,62,45,50
2025-08-02 12:17:00,12,2,8,5,66,24,p2,29,74,1001,8.23,250,3,70.08,0.01,0.05,43.68,0.36,17.03,73.83,0,61,PM2.5,16.839257313979306,67.52109834011011,0.0,62,45,52
2025-08-02 13:17:00,13,2,8,5,63,23,p2,29,73,1001,7.81,245,3,70.56,0.01,0.06,44.01,0.36,17.19,75.34,0,61,PM2.5,16.870841118504615,69.30828954762839,0.0,60,45,50
2025-08-02 14:17:00,14,2,8,5,66,24,p2,28,75,1001,7.59,244,3,71.26,0.0,0.07,44.35,0.37,17.58,77.99,0,61,PM2.5,16.944323256822532,71.73720183092937,0.0,59,45,50
2025-08-02 15:17:00,15,2,8,5,64,23,p2,28,78,1002,7.41,248,3,75.45,0.0,0.07,45.12,0.31,16.39,60.68,0,61,PM2.5,16.816427184354126,69.1093750556715,0.0,58,45,50
2025-08-02 16:17:00,16,2,8,5,64,23,p2,28,78,1002,7.24,254,3,76.62,0.0,0.07,45.3,0.31,16.61,62.33,0,61,PM2.5,16.74620375907024,67.5125192711306,0.0,57,45,50
2025-08-02 17:17:00,17,2,8,5,62,21,p2,28,78,1003,6.79,253,3,77.36,0.0,0.07,45.22,0.32,17.46,67.3,0,61,PM2.5,16.8176466537138,67.51076960754925,0.0,56,46,48
2025-08-02 18:17:00,18,2,8,5,61,21,p2,28,78,1003,6.38,251,3,77.29,0.0,0.08,45.02,0.34,18.75,73.6,0,62,PM2.5,17.203938393650322,69.05242516419213,0.016393442622950838,56,48,51
2025-08-02 19:17:00,19,2,8,5,67,25,p2,27,79,1003,6.94,256,3,76.56,0.0,0.08,44.69,0.34,19.81,76.81,0,63,PM2.5,17.857799003370065,70.96842748790708,0.016129032258064502,55,50,52
2025-08-02 20:17:00,20,2,8,5,58,19,p2,27,79,1002,7.1,259,3,75.58,0.0,0.08,44.62,0.34,20.42,77.1,0,64,PM2.5,18.44738809176999,72.50703355761338,0.015873015873015817,55,52,52
2025-08-02 23:17:00,23,2,8,5,55,16,p2,27,77,1001,7.74,264,3,73.81,0.0,0.08,45.31,0.3,19.28,67.76,0,65,PM2.5,18.65867542318545,71.45916632217764,0.015625,55,53,53
2025-08-03 00:17:00,0,3,8,6,55,16,p2,27,78,1001,7.33,264,3,74.19,0.0,0.08,45.95,0.29,18.65,63.73,0,65,PM2.5,18.676414646815992,69.70426123890047,0.0,54,53,54
2025-08-03 01:17:00,1,3,8,6,56,17,p2,27,78,1002,7.07,260,2,74.72,0.0,0.0,46.52,0.28,18.39,2.31,0,65,PM2.5,18.644963373735536,34.9538437118437,0.0,54,53,54
2025-08-03 02:17:00,2,3,8,6,51,13,p2,27,78,1003,7.15,261,3,74.79,0.0,0.08,47.0,0.28,18.5,63.77,0,65,PM2.5,18.63869292025804,49.36069352869353,0.0,54,53,54
2025-08-03 03:17:00,3,3,8,6,57,18,p2,27,77,1003,6.77,257,3,74.6,0.0,0.08,47.36,0.29,18.92,66.16,0,65,PM2.5,18.720500392411804,57.75922588522589,0.0,53,52,54
2025-08-03 04:17:00,4,3,8,6,59,19,p2,28,76,1003,7.05,255,3,73.85,0.0,0.08,47.53,0.29,19.45,70.52,0,65,PM2.5,18.8928886516182,64.13870085470084,0.0,53,52,54
2025-08-03 05:17:00,5,3,8,6,58,18,p2,28,74,1004,6.96,250,3,73.34,0.01,0.07,47.64,0.31,19.86,76.58,0,66,PM2.5,19.122703882886437,70.36129181929181,0.01538461538461533,52,52,54
2025-08-03 06:17:00,6,3,8,6,58,18,p2,29,73,1003,7.69,255,3,73.08,0.01,0.05,47.72,0.32,19.87,81.87,0,66,PM2.5,19.268832632888785,76.11803174603173,0.0,51,51,53
2025-08-03 07:17:00,7,3,8,6,55,16,p2,29,71,1003,7.68,257,3,73.51,0.01,0.05,47.81,0.32,19.19,83.37,0,66,PM2.5,19.283090658250494,79.74597802197803,0.0,50,47,53
2025-08-03 08:17:00,8,3,8,6,53,14,p2,29,70,1002,7.31,256,3,73.59,0.01,0.04,47.58,0.31,18.21,82.36,0,66,PM2.5,19.15022708463154,81.05405860805861,0.0,49,50,52
2025-08-03 09:17:00,9,3,8,6,61,21,p2,29,69,1002,7.42,255,3,74.38,0.01,0.04,47.29,0.3,17.02,77.29,0,65,PM2.5,18.709911807502994,79.1720879120879,-0.015151515151515138,49,48,51
2025-08-03 10:17:00,10,3,8,6,58,18,p2,29,69,1002,7.45,253,3,73.03,0.01,0.05,46.01,0.32,17.1,78.63,0,64,PM2.5,18.428919804280973,78.90123076923076,-0.01538461538461533,48,49,50
2025-08-03 11:17:00,11,3,8,6,60,20,p2,29,69,1002,7.46,247,3,72.61,0.01,0.05,45.35,0.32,16.31,75.33,0,63,PM2.5,17.92084326978258,77.11653968253968,-0.015625,47,49,49
2025-08-03 12:17:00,12,3,8,6,56,17,p2,29,71,1002,7.31,244,3,71.14,0.01,0.05,44.33,0.33,16.42,76.47,0,63,PM2.5,17.6107081191627,76.7948253968254,0.0,46,49,49
2025-08-03 13:17:00,13,3,8,6,53,14,p2,29,73,1002,6.66,242,3,70.31,0.01,0.06,43.86,0.34,16.47,76.38,0,62,PM2.5,17.37082895506695,77.0452033679371,-0.015873015873015928,45,50,47
2025-08-03 14:17:00,14,3,8,6,55,16,p2,28,75,1003,6.2,245,3,70.68,0.0,0.08,43.84,0.34,16.36,75.19,0,62,PM2.5,17.150151290390006,76.79925352723221,0.0,45,52,46
2025-08-03 15:17:00,15,3,8,6,55,16,p2,28,77,1003,6.4,251,3,72.15,0.0,0.08,43.79,0.29,15.05,61.17,0,60,PM2.5,16.433913025952236,72.47528092982523,-0.032258064516129004,45,50,46
2025-08-03 16:17:00,16,3,8,6,60,20,p2,28,78,1004,6.38,250,3,73.86,0.0,0.08,44.06,0.29,14.58,57.32,0,59,PM2.5,15.84291613911671,67.13859881000637,-0.01666666666666672,45,50,45
2025-08-03 17:17:00,17,3,8,6,58,18,p2,28,79,1004,6.45,255,3,76.68,0.0,0.08,44.78,0.28,14.04,53.3,0,58,PM2.5,15.213216372913873,61.33975433680015,-0.016949152542372836,45,50,45
2025-08-03 18:17:00,18,3,8,6,61,21,p2,27,79,1004,6.36,252,2,79.62,0.0,0.08,45.63,0.28,13.66,49.72,0,57,PM2.5,14.749602531973508,55.95499068254095,-0.017241379310344862,45,50,45
2025-08-03 19:17:00,19,3,8,6,60,20,p2,27,79,1004,6.68,249,2,81.5,0.0,0.08,46.21,0.27,13.42,46.43,0,56,PM2.5,14.436399024126276,51.349996320646,-0.01754385964912286,46,48,45
2025-08-03 20:17:00,20,3,8,6,58,19,p2,27,79,1004,7.21,258,2,82.33,0.0,0.07,46.61,0.27,13.47,45.09,0,56,PM2.5,14.33131754939845,48.77872254183877,0.0,48,51,45
2025-08-03 21:17:00,21,3,8,6,55,16,p2,27,79,1004,7.13,258,2,82.14,0.0,0.07,46.81,0.26,13.62,45.06,0,55,PM2.5,14.135992722674578,47.16971944554101,-0.017857142857142905,50,52,45
2025-08-03 22:17:00,22,3,8,6,53,14,p2,27,80,1003,7.28,261,2,81.19,0.0,0.07,46.89,0.26,13.63,45.37,0,55,PM2.5,14.069654630444122,46.54670698288973,0.0,52,52,46
2025-08-03 23:17:00,23,3,8,6,46,12,p2,27,79,1003,7.39,262,2,79.91,0.0,0.07,47.04,0.26,13.41,45.79,0,55,PM2.5,13.895628245244733,46.21459155257204,0.0,53,53,47
2025-08-04 00:17:00,0,4,8,0,43,11,p2,27,79,1004,6.69,262,2,78.63,0.0,0.07,47.3,0.26,13.29,47.12,0,54,PM2.5,13.71393111966658,46.567169229548675,-0.018181818181818188,53,54,49
2025-08-04 01:17:00,1,4,8,0,44,12,p2,27,80,1004,6.39,262,2,77.56,0.0,0.07,47.74,0.27,13.16,48.07,0,54,PM2.5,13.550147534082889,47.161062820444464,0.0,53,54,51
2025-08-04 02:17:00,2,4,8,0,50,13,p2,27,80,1004,6.81,265,2,76.98,0.0,0.08,48.31,0.26,12.85,47.71,0,54,PM2.5,13.432290653658226,47.38416087464908,0.0,53,54,52
2025-08-04 03:17:00,3,4,8,0,59,19,p2,27,78,1004,7.46,270,2,76.65,0.0,0.07,49.01,0.26,12.34,46.25,0,53,PM2.5,13.189651888041094,47.06607565361136,-0.01851851851851849,52,54,53
2025-08-04 04:17:00,4,4,8,0,61,20,p2,28,75,1005,7.59,263,2,76.49,0.01,0.06,49.68,0.25,11.69,43.58,0,53,PM2.5,12.858388321852646,46.249757132624595,0.0,52,54,54
2025-08-04 05:17:00,5,4,8,0,58,19,p2,28,73,1005,7.95,259,2,76.52,0.01,0.05,50.13,0.25,11.23,42.38,0,52,PM2.5,12.496192064119905,45.50132574687446,-0.018867924528301883,52,54,55
2025-08-04 06:17:00,6,4,8,0,58,19,p2,29,72,1005,8.07,252,2,76.51,0.01,0.04,50.07,0.25,11.06,43.53,0,51,PM2.5,12.156468026538914,45.16789434582101,-0.019230769230769273,51,53,54
2025-08-04 07:17:00,7,4,8,0,58,19,p2,29,71,1004,8.8,253,2,76.43,0.01,0.04,49.52,0.25,11.15,46.83,0,50,PM2.5,11.928719375068052,45.37803091821869,-0.019607843137254943,47,53,54
2025-08-04 08:17:00,8,4,8,0,60,20,p2,29,71,1004,8.49,251,3,76.08,0.01,0.03,48.76,0.26,11.33,50.02,0,49,PM2.5,11.780028377764125,46.15396748434566,-0.020000000000000018,50,52,54
2025-08-04 09:17:00,9,4,8,0,61,21,p2,29,71,1003,8.7,255,3,75.79,0.01,0.04,47.91,0.27,11.35,51.01,0,49,PM2.5,11.6609701076103,47.12668229290512,0.0,48,51,53
2025-08-04 10:17:00,10,4,8,0,60,20,p2,29,71,1003,8.84,252,2,75.97,0.0,0.04,47.17,0.27,11.14,49.99,0,48,PM2.5,11.548194043546275,47.70589899000459,-0.020408163265306145,49,50,52
2025-08-04 11:17:00,11,4,8,0,61,21,p2,29,72,1003,8.79,248,2,75.53,0.01,0.04,46.49,0.27,10.95,49.27,0,47,PM2.5,11.394450692341552,48.041920359063184,-0.02083333333333337,49,49,49
2025-08-04 12:17:00,12,4,8,0,56,17,p2,28,74,1002,8.39,242,2,75.63,0.0,0.04,46.05,0.27,10.33,45.6,0,46,PM2.5,11.076996959704458,47.597602692947206,-0.021276595744680882,49,49,47
2025-08-04 13:17:00,13,4,8,0,61,21,p2,28,74,1003,8.54,238,2,75.13,0.0,0.05,45.95,0.28,10.19,44.66,0,45,PM2.5,10.864444066124337,47.03064512104398,-0.021739130434782594,50,47,45
2025-08-04 14:17:00,14,4,8,0,62,22,p2,27,76,1003,8.06,239,2,74.04,0.0,0.06,45.85,0.29,10.37,45.24,0,45,PM2.5,10.782741187246513,46.67701968484258,0.0,52,46,44
2025-08-04 15:17:00,15,4,8,0,60,20,p2,27,78,1004,7.78,244,2,73.34,0.0,0.07,44.96,0.28,10.28,39.73,0,45,PM2.5,10.725265339701808,44.99931042233333,0.0,50,46,42
2025-08-04 16:17:00,16,4,8,0,66,24,p2,27,79,1005,7.67,244,2,73.79,0.0,0.07,44.81,0.28,10.47,38.18,0,45,PM2.5,10.68875902510459,43.06047156023915,0.0,50,45,41
2025-08-04 17:17:00,17,4,8,0,74,31,p2,27,78,1005,7.84,251,2,74.99,0.0,0.07,44.77,0.29,10.83,37.38,0,45,PM2.5,10.687746221562003,41.370460268251996,0.0,50,45,41
2025-08-04 18:17:00,18,4,8,0,67,26,p2,27,79,1005,7.94,260,2,76.11,0.0,0.07,44.8,0.3,11.4,38.6,0,45,PM2.5,10.772914802258654,40.59782432937499,0.0,50,45,41
2025-08-04 19:17:00,19,4,8,0,69,27,p2,27,78,1004,8.26,262,2,77.06,0.0,0.07,44.66,0.31,12.06,40.89,0,46,PM2.5,10.991462706044649,40.636902454603785,0.022222222222222143,48,45,41
2025-08-04 20:17:00,20,4,8,0,61,21,p2,27,78,1004,8.16,260,2,77.52,0.0,0.07,44.45,0.31,12.73,44.02,0,48,PM2.5,11.403598823314791,41.501488802806755,0.04347826086956519,51,45,41
2025-08-04 21:17:00,21,4,8,0,58,18,p2,27,78,1003,8.58,259,2,77.43,0.0,0.07,44.14,0.32,13.36,48.03,0,50,PM2.5,11.961562225567524,43.153867533742684,0.04166666666666674,52,45,41
2025-08-04 22:17:00,22,4,8,0,55,16,p2,27,79,1003,8.78,261,3,77.16,0.0,0.07,43.86,0.32,13.78,51.77,0,52,PM2.5,12.51604192281642,45.65260650488129,0.040000000000000036,52,46,41
2025-08-04 23:17:00,23,4,8,0,52,14,p2,27,80,1002,9.2,260,3,77.13,0.0,0.08,43.54,0.31,13.66,52.21,0,53,PM2.5,12.83346345827317,47.584527394660014,0.019230769230769162,53,47,41
2025-08-05 00:17:00,0,5,8,1,52,14,p2,27,82,1003,9.02,260,3,77.24,0.0,0.08,43.38,0.31,13.13,50.68,0,53,PM2.5,12.930756724973941,48.49043960382358,0.0,54,49,43
2025-08-05 01:17:00,1,5,8,1,56,17,p2,27,82,1003,8.67,261,2,77.19,0.0,0.07,43.26,0.3,12.61,49.3,0,53,PM2.5,12.853484379882577,48.74474045114945,0.0,54,51,45
2025-08-05 02:17:00,2,5,8,1,61,20,p2,27,81,1003,9.14,259,3,76.74,0.0,0.08,43.28,0.31,12.9,52.54,0,53,PM2.5,12.884976232760005,49.908173635240196,0.0,54,52,48
2025-08-05 03:17:00,3,5,8,1,64,23,p2,27,79,1004,8.99,258,2,77.21,0.0,0.08,43.54,0.3,12.19,48.99,0,52,PM2.5,12.72346163046062,49.68894834206433,-0.018867924528301883,54,53,51
2025-08-05 04:17:00,4,5,8,1,63,23,p2,28,77,1004,9.14,258,2,77.47,0.0,0.08,43.98,0.29,11.87,48.77,0,52,PM2.5,12.554891277269284,49.47606425864558,0.0,54,54,53
2025-08-05 05:17:00,5,5,8,1,62,21,p2,28,75,1004,9.4,258,2,77.96,0.0,0.07,44.53,0.29,11.52,49.0,0,52,PM2.5,12.412958959184875,49.37725736335184,0.0,54,55,53
2025-08-05 06:17:00,6,5,8,1,59,19,p2,28,73,1004,9.08,256,2,78.09,0.01,0.06,44.94,0.3,11.3,49.86,0,51,PM2.5,12.200992771506273,49.555020924554896,-0.019230769230769273,53,54,53
2025-08-05 07:17:00,7,5,8,1,63,22,p2,28,72,1004,8.97,254,3,77.5,0.01,0.05,45.31,0.31,11.57,53.83,0,47,PM10,12.078448111386882,50.524824202487714,-0.07843137254901966,53,54,53
2025-08-05 08:17:00,8,5,8,1,66,24,p2,29,71,1003,8.83,253,3,77.37,0.01,0.05,45.32,0.32,11.52,54.34,0,50,PM2.5,11.955757997036002,51.132477694191415,0.06382978723404253,52,54,53
2025-08-05 09:17:00,9,5,8,1,65,24,p2,29,71,1003,8.99,253,3,77.72,0.0,0.05,45.12,0.31,10.86,50.58,0,48,PM2.5,11.633378647568147,51.12928345748282,-0.040000000000000036,51,53,53
2025-08-05 10:17:00,10,5,8,1,65,24,p2,28,72,1003,8.76,252,3,76.71,0.0,0.05,44.82,0.33,11.95,56.5,0,49,PM2.5,11.685952833599927,52.05693497824199,0.02083333333333326,50,52,52
2025-08-05 11:17:00,11,5,8,1,62,21,p2,28,74,1002,8.49,250,3,76.43,0.0,0.06,44.45,0.32,11.65,53.41,0,49,PM2.5,11.678868882243215,52.27594270005496,0.0,49,49,51
2025-08-05 12:17:00,12,5,8,1,61,21,p2,28,76,1002,8.9,249,3,75.69,0.0,0.06,43.86,0.34,12.34,56.11,0,49,PM2.5,11.777996516241386,52.95384496570587,0.0,49,47,49
2025-08-05 13:17:00,13,5,8,1,58,19,p2,28,77,1002,8.75,247,3,75.66,0.0,0.07,43.57,0.35,12.95,59.26,0,50,PM2.5,11.974530293272467,54.50846655011634,0.020408163265306145,47,45,45
2025-08-05 14:17:00,14,5,8,1,56,17,p2,27,78,1003,8.73,247,3,76.06,0.0,0.08,43.49,0.36,13.52,62.39,0,52,PM10,12.320552127179683,56.66919991423637,0.040000000000000036,46,44,42
2025-08-05 15:17:00,15,5,8,1,86,40,p2,27,79,1003,8.12,247,2,79.56,0.0,0.08,43.07,0.31,11.17,44.66,0,50,PM10,12.078581056376974,53.85459760900858,-0.038461538461538436,46,42,40
2025-08-05 16:17:00,16,5,8,1,67,26,p2,27,79,1004,7.74,247,2,79.98,0.0,0.08,42.96,0.31,11.53,46.44,0,50,PM2.5,11.965448486139229,51.735311410519756,0.0,45,41,39
2025-08-05 17:17:00,17,5,8,1,66,25,p2,27,78,1004,7.89,249,2,80.76,0.0,0.08,42.95,0.33,11.82,49.32,0,50,PM2.5,11.941421861320038,51.050604014445355,0.0,45,41,39
2025-08-05 18:17:00,18,5,8,1,64,23,p2,27,78,1004,7.51,250,3,81.74,0.0,0.08,42.99,0.33,12.01,51.58,0,50,PM2.5,11.965776641552978,51.21005731603752,0.0,45,41,39
2025-08-05 19:17:00,19,5,8,1,76,33,p2,27,78,1004,7.6,251,3,82.81,0.0,0.08,42.86,0.33,12.12,52.21,0,48,PM10,12.00453388837421,51.485735524007964,-0.040000000000000036,45,41,38
2025-08-05 21:17:00,21,5,8,1,81,36,p2,27,78,1003,7.67,255,3,83.58,0.0,0.08,42.52,0.33,12.8,53.57,0,51,PM2.5,12.180621118209825,52.07400882216598,0.0625,45,41,38
2025-08-05 22:17:00,22,5,8,1,70,28,p2,27,78,1003,8.01,259,3,82.97,0.0,0.08,42.38,0.32,13.23,53.41,0,52,PM2.5,12.39803103404801,52.46849472141835,0.019607843137254832,45,41,38
2025-08-05 23:17:00,23,5,8,1,76,32,p2,27,79,1003,7.82,261,3,82.01,0.0,0.08,42.24,0.32,13.69,55.47,0,52,PM2.5,12.675486186828165,53.31606775871926,0.0,46,41,38
2025-08-06 00:17:00,0,6,8,2,70,27,p2,27,79,1003,6.99,258,3,81.38,0.0,0.08,42.21,0.32,14.06,58.77,0,53,PM2.5,13.02556637507286,54.89404309398787,0.019230769230769162,47,41,39
2025-08-06 01:17:00,1,6,8,2,69,27,p2,27,80,1003,6.95,258,3,81.37,0.0,0.08,42.39,0.31,14.21,60.89,0,54,PM2.5,13.318919202044516,56.623013007449515,0.018867924528301883,49,43,40
2025-08-06 02:17:00,2,6,8,2,77,33,p2,27,79,1004,7.43,257,3,81.86,0.0,0.08,42.72,0.3,14.1,60.55,0,54,PM2.5,13.50051842630164,57.745741888275916,0.0,51,45,42
2025-08-06 03:17:00,3,6,8,2,82,37,p2,27,76,1004,7.69,255,3,82.54,0.0,0.08,43.14,0.29,13.8,58.41,0,54,PM2.5,13.568118010177292,57.74024395930149,0.0,52,48,45
2025-08-06 04:17:00,4,6,8,2,73,30,p2,28,74,1004,7.9,260,3,82.78,0.01,0.07,43.35,0.28,13.42,55.45,0,54,PM2.5,13.523857655783353,57.056588043620245,0.0,53,51,50
2025-08-06 05:17:00,5,6,8,2,76,32,p2,28,73,1004,8.07,262,3,82.72,0.01,0.05,43.39,0.27,13.04,52.59,0,54,PM2.5,13.442644954599956,56.05329372244069,0.0,54,53,53
2025-08-06 06:17:00,6,6,8,2,69,27,p2,28,73,1004,8.22,256,3,82.41,0.01,0.05,43.2,0.28,12.95,54.38,0,54,PM2.5,13.383050515927533,55.863505020854156,0.0,55,53,56
2025-08-06 07:17:00,7,6,8,2,86,40,p2,29,72,1004,8.05,248,2,82.77,0.01,0.04,42.58,0.27,11.98,49.35,0,53,PM2.5,13.162265568451321,54.55648988102555,-0.01851851851851849,54,53,58
2025-08-06 08:17:00,8,6,8,2,92,44,p2,29,71,1004,7.86,242,2,82.77,0.01,0.04,41.89,0.28,11.58,49.57,0,53,PM2.5,12.826932371589562,53.56773527954904,0.0,54,53,59
2025-08-06 09:17:00,9,6,8,2,70,28,p2,29,71,1003,7.91,241,2,82.95,0.01,0.04,41.19,0.28,11.29,49.39,0,52,PM2.5,12.446343565698886,52.70676317658676,-0.018867924528301883,54,53,60
2025-08-06 10:17:00,10,6,8,2,74,30,p2,29,71,1003,7.98,241,2,83.49,0.01,0.04,40.87,0.29,11.15,48.79,0,51,PM2.5,12.115166172669088,51.77116400916071,-0.019230769230769273,53,53,57
2025-08-06 11:17:00,11,6,8,2,96,47,p2,29,71,1003,8.21,242,2,84.01,0.01,0.04,40.78,0.29,11.19,48.89,0,50,PM2.5,11.884925361537842,51.10012461827238,-0.019607843137254943,52,52,56
2025-08-06 12:17:00,12,6,8,2,69,27,p2,28,71,1002,8.29,240,3,84.3,0.01,0.04,40.91,0.29,11.47,50.51,0,49,PM2.5,11.763443959153992,50.859210026409166,-0.020000000000000018,49,51,56
2025-08-06 13:17:00,13,6,8,2,69,27,p2,28,72,1003,8.48,241,3,84.69,0.01,0.05,41.2,0.3,11.83,52.69,0,49,PM2.5,11.759001671357376,51.11780841801914,0.0,47,49,55
2025-08-06 14:17:00,14,6,8,2,79,34,p2,28,74,1003,8.1,239,2,86.15,0.0,0.06,41.51,0.25,10.3,35.2,0,47,PM2.5,11.307755847027263,44.69723083453592,-0.04081632653061229,45,45,54
2025-08-06 15:17:00,15,6,8,2,79,34,p2,27,76,1004,7.59,237,2,86.74,0.0,0.07,41.53,0.26,10.46,35.73,0,46,PM2.5,11.11039564349931,41.6770299690265,-0.021276595744680882,44,42,51
2025-08-06 16:17:00,16,6,8,2,87,41,p2,27,77,1004,6.92,236,2,87.5,0.0,0.07,41.55,0.26,10.53,36.98,0,46,PM2.5,10.989068160776851,40.130474585560705,0.0,42,40,46
2025-08-06 17:17:00,17,6,8,2,84,39,p2,27,76,1005,6.76,247,2,88.88,0.0,0.07,41.62,0.27,10.59,38.14,0,45,PM2.5,10.88175109369193,39.40070261535484,-0.021739130434782594,41,39,44
2025-08-06 18:17:00,18,6,8,2,80,36,p2,27,75,1005,7.16,250,2,90.15,0.0,0.07,41.82,0.27,10.69,38.57,0,45,PM2.5,10.889959867188356,39.25686685573921,0.0,41,39,42
2025-08-06 19:17:00,19,6,8,2,84,39,p2,27,75,1005,7.51,254,2,91.31,0.0,0.07,42.04,0.27,10.73,37.72,0,45,PM2.5,10.844086808021054,38.71596579977264,0.0,41,39,39
2025-08-06 21:17:00,21,6,8,2,74,31,p2,27,75,1004,7.25,261,2,93.34,0.0,0.07,42.66,0.26,10.79,36.42,0,45,PM2.5,10.813160923488576,37.91906920755679,0.0,41,38,38
2025-08-06 22:17:00,22,6,8,2,74,31,p2,27,76,1003,7.25,259,2,93.87,0.0,0.07,42.92,0.25,10.99,36.75,0,45,PM2.5,10.826944296853362,37.49758491149712,0.0,41,38,38
2025-08-06 23:17:00,23,6,8,2,82,36,p2,27,76,1003,6.95,255,2,94.04,0.0,0.07,43.15,0.25,11.38,37.44,0,45,PM2.5,10.905439382280363,37.44845934258941,0.0,41,38,38
2025-08-07 00:17:00,0,7,8,3,78,34,p2,27,78,1004,7.33,253,2,93.93,0.0,0.07,43.26,0.25,11.9,39.57,0,46,PM2.5,11.060526733768413,38.12804364198004,0.022222222222222143,41,38,38
2025-08-07 01:17:00,1,7,8,3,73,30,p2,27,80,1004,7.59,251,2,93.89,0.0,0.07,43.46,0.25,12.43,42.28,0,47,PM2.5,11.346541573088421,39.48448935490206,0.021739130434782705,41,39,40
2025-08-07 02:17:00,2,7,8,3,76,32,p2,27,79,1004,7.42,252,2,93.78,0.0,0.08,43.76,0.25,12.98,45.13,0,49,PM2.5,11.75768574204128,40.27494657771862,0.042553191489361764,43,40,42
2025-08-07 03:17:00,3,7,8,3,75,32,p2,27,78,1005,7.25,251,2,93.82,0.0,0.07,44.17,0.25,13.48,47.74,0,51,PM2.5,12.220549735508737,42.48172052594481,0.04081632653061229,45,42,45
2025-08-07 04:17:00,4,7,8,3,81,36,p2,27,76,1005,7.16,251,3,93.8,0.01,0.06,44.55,0.25,13.88,50.18,0,52,PM2.5,12.698830165898247,44.892858849913324,0.019607843137254832,48,45,49
2025-08-07 05:17:00,5,7,8,3,68,26,p2,28,74,1005,7.36,249,3,93.66,0.01,0.05,44.79,0.25,14.32,52.7,0,53,PM2.5,13.202113016753971,47.72754642948526,0.019230769230769162,51,50,52
2025-08-07 06:17:00,6,7,8,3,62,22,p2,28,73,1005,7.25,248,3,93.47,0.01,0.04,44.8,0.25,14.53,54.55,0,54,PM2.5,13.590964309947948,50.29167217681728,0.018867924528301883,53,53,53
2025-08-07 07:17:00,7,7,8,3,63,22,p2,28,73,1005,7.57,248,3,93.32,0.01,0.04,44.46,0.25,14.45,56.42,0,55,PM2.5,13.834320228254885,52.722505313029984,0.0185185185185186,53,56,54
2025-08-07 10:17:00,10,7,8,3,66,25,p2,29,71,1003,7.78,245,3,91.23,0.01,0.03,42.15,0.25,13.36,57.82,0,54,PM2.5,13.721322174853352,54.782541154850136,-0.018181818181818188,53,58,55
2025-08-07 11:17:00,11,7,8,3,69,27,p2,29,71,1003,8.01,244,3,90.13,0.01,0.04,41.6,0.26,13.07,57.98,0,54,PM2.5,13.562576434335295,55.95292109135963,0.0,53,59,56
2025-08-07 12:17:00,12,7,8,3,63,22,p2,28,72,1003,8.05,249,3,89.15,0.01,0.04,41.39,0.27,13.01,59.37,0,54,PM2.5,13.449994081313763,57.27107404648675,0.0,53,60,56
2025-08-07 13:17:00,13,7,8,3,62,22,p2,28,73,1003,7.88,246,3,90.79,0.01,0.05,41.58,0.24,11.71,51.18,0,53,PM2.5,13.116254543768457,55.01758483083171,-0.01851851851851849,53,57,54
2025-08-07 14:17:00,14,7,8,3,69,27,p2,28,74,1003,7.93,240,2,92.03,0.0,0.06,42.16,0.23,10.85,46.14,0,52,PM2.5,12.45214537513005,52.40231012818235,-0.018867924528301883,52,56,53
2025-08-07 15:17:00,15,7,8,3,73,30,p2,28,76,1004,7.72,236,2,92.44,0.0,0.07,42.57,0.23,10.45,43.41,0,49,PM2.5,11.80854428914776,50.072340567347496,-0.05769230769230771,51,56,51
2025-08-07 16:17:00,16,7,8,3,68,26,p2,27,76,1005,7.46,237,2,92.06,0.0,0.07,42.73,0.23,10.23,41.5,0,47,PM2.5,11.283651107571204,47.17521474689553,-0.04081632653061229,49,55,48
2025-08-07 17:17:00,17,7,8,3,66,24,p2,27,75,1005,7.31,244,2,91.59,0.0,0.07,42.9,0.23,10.07,40.01,0,45,PM2.5,10.865680434403904,44.52335803123876,-0.04255319148936165,45,54,45
2025-08-07 18:17:00,18,7,8,3,76,32,p2,28,74,1005,7.25,250,2,91.05,0.0,0.07,42.96,0.23,9.91,38.48,0,44,PM2.5,10.520317294068981,42.08447259097119,-0.022222222222222254,42,51,41
2025-08-07 19:17:00,19,7,8,3,79,34,p2,27,75,1005,7.6,256,2,90.34,0.0,0.06,42.85,0.23,9.66,36.79,0,42,PM2.5,10.1843033257687,39.78202873750584,-0.045454545454545414,40,46,38
2025-08-07 20:17:00,20,7,8,3,75,32,p2,27,76,1005,7.84,261,2,89.72,0.0,0.06,42.73,0.23,9.49,35.46,0,41,PM2.5,9.921070009922792,37.853794609409206,-0.023809523809523836,39,44,36
2025-08-07 21:17:00,21,7,8,3,81,36,p2,27,76,1004,8.06,255,2,89.1,0.0,0.06,42.58,0.23,9.49,34.99,0,41,PM2.5,9.866451746704941,36.61176652734568,0.0,39,42,35
2025-08-07 22:17:00,22,7,8,3,81,36,p2,27,77,1003,8.36,254,2,88.42,0.0,0.06,42.49,0.24,9.57,34.36,0,41,PM2.5,9.789032987475958,35.596912065963444,0.0,39,39,35
2025-08-07 23:17:00,23,7,8,3,69,27,p2,27,78,1003,8.05,257,2,88.08,0.0,0.06,42.44,0.23,9.64,33.51,0,41,PM2.5,9.731555949390417,34.62481899458185,0.0,38,38,35
2025-08-08 00:17:00,0,8,8,4,62,21,p2,26,79,1003,8.13,258,2,88.23,0.0,0.06,42.49,0.23,9.72,33.07,0,41,PM2.5,9.775320532898384,34.37554138399095,0.0,38,38,35
2025-08-08 01:17:00,1,8,8,4,69,27,p2,26,79,1004,8.4,259,2,89.03,0.0,0.06,42.67,0.22,9.82,32.88,0,41,PM2.5,9.791578979342136,34.225383868765974,0.0,38,38,36
2025-08-08 02:17:00,2,8,8,4,68,26,p2,27,79,1004,8.1,256,2,90.02,0.0,0.06,42.89,0.22,9.97,33.02,0,41,PM2.5,9.79501425254421,34.08871305647779,0.0,38,38,37
2025-08-08 04:17:00,4,8,8,4,74,31,p2,28,73,1005,8.02,254,2,91.76,0.01,0.05,43.16,0.22,10.7,35.98,0,41,PM2.5,9.900872744675356,34.58352759606084,0.0,39,40,38
2025-08-08 05:17:00,5,8,8,4,65,24,p2,28,72,1005,8.21,247,2,91.62,0.01,0.05,42.96,0.22,11.4,39.55,0,43,PM2.5,10.208639375190147,35.52611144394938,0.04878048780487809,40,42,41
2025-08-08 06:17:00,6,8,8,4,64,23,p2,28,71,1005,8.41,250,2,90.72,0.01,0.04,42.57,0.23,12.13,43.71,0,45,PM2.5,10.727608870076331,37.724130696909164,0.04651162790697683,42,45,44
2025-08-08 07:17:00,7,8,8,4,63,22,p2,28,70,1005,8.41,248,3,89.12,0.01,0.04,41.84,0.24,12.85,50.08,0,48,PM2.5,11.402743795048139,42.66683080005889,0.06666666666666665,45,49,47
2025-08-08 08:17:00,8,8,8,4,63,23,p2,29,70,1005,8.35,250,3,86.9,0.01,0.04,40.92,0.25,13.51,56.84,0,51,PM2.5,12.144683255590667,49.435271778125774,0.0625,50,52,49
2025-08-08 09:17:00,9,8,8,4,63,22,p2,29,70,1004,8.7,255,3,83.34,0.01,0.03,39.87,0.26,14.02,61.18,0,53,PM2.5,12.83806358338988,55.34319190648465,0.03921568627450989,53,53,51
2025-08-08 10:17:00,10,8,8,4,61,20,p2,29,71,1004,8.71,253,3,82.51,0.01,0.03,39.05,0.26,13.58,60.24,0,53,PM2.5,13.069818651160677,57.61509095368037,0.0,56,54,52
2025-08-08 11:17:00,11,8,8,4,60,20,p2,28,72,1004,8.37,249,3,80.32,0.01,0.04,38.32,0.27,13.26,59.39,0,53,PM2.5,13.12976122291297,58.44283570410838,0.0,58,55,52
2025-08-08 12:17:00,12,8,8,4,63,22,p2,28,74,1004,7.89,246,3,78.07,0.01,0.04,37.93,0.27,12.97,59.33,0,53,PM2.5,13.083263980044872,58.86014912581317,0.0,59,56,52
2025-08-08 13:17:00,13,8,8,4,86,40,p2,28,76,1004,8.22,247,3,76.36,0.01,0.05,37.79,0.28,12.74,59.94,0,53,PM2.5,12.985486466258731,59.366875629564014,0.0,60,56,49
2025-08-08 14:17:00,14,8,8,4,88,41,p2,27,78,1005,8.43,248,3,77.14,0.0,0.06,37.79,0.28,11.9,56.97,0,53,PM10,12.677063753686186,58.264980373743626,0.0,57,54,47
2025-08-08 15:17:00,15,8,8,4,65,24,p2,27,79,1006,8.18,246,3,76.11,0.0,0.07,37.99,0.29,11.53,55.72,0,52,PM2.5,12.439113325049524,57.21356089967132,-0.018867924528301883,56,53,45
2025-08-08 16:17:00,16,8,8,4,66,25,p2,27,78,1007,8.04,248,3,75.38,0.0,0.07,38.27,0.3,11.08,52.19,0,51,PM2.5,12.18980429841064,55.50721543330989,-0.019230769230769273,56,51,44
2025-08-08 17:17:00,17,8,8,4,69,27,p2,27,78,1007,7.78,246,2,75.82,0.0,0.07,38.75,0.29,10.34,45.83,0,49,PM10,11.59741303556819,53.0064218285207,-0.039215686274509776,55,48,45
2025-08-08 18:17:00,18,8,8,4,66,25,p2,27,78,1007,8.02,251,2,76.65,0.0,0.07,39.17,0.28,9.55,39.85,0,45,PM2.5,10.806954043917267,47.862829830328266,-0.08163265306122447,54,45,45
2025-08-08 19:17:00,19,8,8,4,77,33,p2,27,78,1007,7.77,249,2,77.38,0.0,0.07,39.42,0.27,8.96,34.75,0,42,PM2.5,10.03356016550385,41.25387809477195,-0.06666666666666665,51,41,46
2025-08-08 20:17:00,20,8,8,4,66,25,p2,27,77,1006,8.58,256,2,77.81,0.0,0.06,39.6,0.26,8.79,32.89,0,40,PM2.5,9.534461837485173,37.036042523955466,-0.04761904761904767,46,38,47
2025-08-08 21:17:00,21,8,8,4,63,22,p2,26,78,1006,8.97,264,2,78.21,0.0,0.06,39.75,0.27,8.93,33.7,0,39,PM2.5,9.358111562633301,35.598584360003464,-0.025000000000000022,44,36,47
2025-08-08 22:17:00,22,8,8,4,64,23,p2,26,79,1006,8.18,262,2,78.82,0.0,0.06,39.88,0.27,9.14,35.28,0,39,PM2.5,9.30494943520197,35.467125400231225,0.0,42,35,47
2025-08-08 23:17:00,23,8,8,4,62,21,p2,26,78,1005,8.32,263,2,79.84,0.0,0.06,40.08,0.27,9.18,35.65,0,39,PM2.5,9.275065755598197,35.54166621627474,0.0,39,35,47
2025-08-09 00:17:00,0,9,8,5,62,21,p2,26,79,1005,8.48,261,2,80.87,0.0,0.06,40.24,0.26,9.09,34.76,0,38,PM2.5,9.217545615246665,35.180645332745485,-0.02564102564102566,38,35,49
2025-08-09 01:17:00,1,9,8,5,55,16,p2,27,81,1006,8.04,257,2,81.73,0.0,0.06,40.4,0.25,9.01,34.41,0,38,PM2.5,9.189080003289503,34.89425337904902,0.0,38,35,52
2025-08-09 02:17:00,2,9,8,5,68,26,p2,27,78,1006,7.89,257,2,81.79,0.0,0.06,40.47,0.25,9.07,34.85,0,38,PM2.5,9.157415183462149,34.88256826485212,0.0,38,36,55
2025-08-09 03:17:00,3,9,8,5,73,30,p2,27,77,1007,7.72,256,2,81.11,0.0,0.06,40.39,0.25,9.38,36.72,0,38,PM2.5,9.198444260165308,35.58679976706147,0.0,38,37,56
2025-08-09 04:17:00,4,9,8,5,64,23,p2,27,75,1007,7.82,255,2,80.04,0.0,0.06,40.31,0.26,9.86,40.35,0,39,PM2.5,9.290770660329429,36.88633532346572,0.026315789473684292,40,38,57
2025-08-09 05:17:00,5,9,8,5,77,33,p2,28,74,1007,8.04,252,2,79.1,0.01,0.05,40.19,0.27,10.52,44.83,0,40,PM2.5,9.50188870388479,38.94276087107498,0.02564102564102555,42,41,58
2025-08-09 06:17:00,6,9,8,5,84,39,p2,28,72,1007,7.87,245,2,77.98,0.01,0.04,40.05,0.27,11.34,49.61,0,42,PM2.5,10.010428657296446,43.090511246740334,0.050000000000000044,45,44,58
2025-08-09 07:17:00,7,9,8,5,66,24,p2,28,71,1007,7.86,241,3,77.22,0.01,0.04,39.89,0.27,12.28,54.55,0,45,PM2.5,10.789778740973164,48.24614601680598,0.0714285714285714,49,47,58
2025-08-09 08:17:00,8,9,8,5,75,31,p2,29,71,1006,8.68,244,3,76.35,0.01,0.04,39.73,0.28,13.32,59.91,0,50,PM10,11.74868533005705,53.78568872038055,0.11111111111111116,52,49,58
2025-08-09 09:17:00,9,9,8,5,69,27,p2,28,72,1006,8.61,241,3,75.6,0.01,0.04,39.63,0.29,14.29,65.14,0,53,PM10,12.806421190685706,59.50766821210956,0.06000000000000005,53,51,57
2025-08-09 10:17:00,10,9,8,5,66,24,p2,28,73,1006,8.4,246,3,75.17,0.01,0.04,39.6,0.3,15.04,69.63,0,56,PM10,13.795766241572077,64.85075702075703,0.05660377358490565,54,52,57
2025-08-09 11:17:00,11,9,8,5,66,24,p2,28,73,1005,8.01,244,3,74.65,0.01,0.05,39.4,0.31,15.34,72.29,0,58,PM10,14.469066525583258,68.57485225885226,0.03571428571428581,55,52,57
2025-08-09 12:17:00,12,9,8,5,67,25,p2,28,74,1005,7.47,246,3,73.79,0.0,0.05,39.15,0.33,15.26,73.24,0,59,PM10,14.799741811767221,70.91212454212454,0.01724137931034475,56,52,57
2025-08-09 13:17:00,13,9,8,5,64,23,p2,28,76,1005,7.27,238,3,71.75,0.0,0.07,38.77,0.36,14.98,74.06,0,60,PM10,14.870621837461153,72.49090354090355,0.016949152542372836,56,49,57
2025-08-09 14:17:00,14,9,8,5,71,28,p2,27,78,1005,7.55,241,3,73.53,0.0,0.06,38.27,0.29,12.86,62.78,0,57,PM10,14.066974590493466,67.63886202686203,-0.050000000000000044,54,47,56
2025-08-09 15:17:00,15,9,8,5,74,31,p2,27,80,1006,7.74,249,3,71.91,0.0,0.07,37.73,0.3,12.83,63.4,0,56,PM10,13.639305453998032,65.81282281992458,-0.01754385964912286,53,45,56
2025-08-09 16:17:00,16,9,8,5,64,23,p2,27,80,1007,7.7,254,3,70.64,0.0,0.07,37.48,0.31,12.49,61.73,0,56,PM10,13.323820794861865,64.40660383539178,0.0,51,44,56
2025-08-09 17:17:00,17,9,8,5,63,22,p2,27,80,1007,8.06,255,3,70.01,0.0,0.07,37.51,0.31,11.78,57.74,0,55,PM10,13.00349181259099,62.51308690615505,-0.017857142857142905,48,45,56
2025-08-09 18:17:00,18,9,8,5,77,33,p2,27,80,1007,8.16,252,3,69.21,0.0,0.07,37.66,0.31,11.1,53.35,0,54,PM10,12.442115296141498,60.362058295611924,-0.018181818181818188,45,45,57
2025-08-09 19:17:00,19,9,8,5,78,34,p2,26,80,1006,8.05,254,2,68.38,0.0,0.07,37.73,0.32,10.55,47.73,0,51,PM10,11.748785085243881,55.03147176610832,-0.05555555555555558,41,46,58
2025-08-09 20:17:00,20,9,8,5,78,34,p2,26,80,1006,7.99,257,2,68.0,0.0,0.07,37.87,0.32,10.15,43.71,0,46,PM2.5,11.129048126516272,49.726542091744335,-0.0980392156862745,38,47,60
2025-08-09 21:17:00,21,9,8,5,77,33,p2,26,80,1005,7.55,261,2,68.27,0.0,0.07,38.03,0.32,9.76,41.05,0,44,PM2.5,10.56179331960076,45.447512771664165,-0.04347826086956519,36,47,62
2025-08-09 22:17:00,22,9,8,5,67,26,p2,26,80,1005,7.01,258,2,69.19,0.0,0.07,38.18,0.31,9.36,40.02,0,42,PM2.5,10.034884850629181,42.80960207726656,-0.045454545454545414,35,47,65
2025-08-10 00:17:00,0,10,8,6,64,23,p2,27,79,1005,7.07,257,2,71.72,0.0,0.06,38.39,0.29,8.69,37.04,0,39,PM2.5,9.39055477641092,39.65587214351468,-0.0714285714285714,35,47,67
2025-08-10 01:17:00,1,10,8,6,60,20,p2,27,79,1005,7.52,258,2,72.62,0.0,0.06,38.46,0.28,8.58,35.05,0,38,PM2.5,9.045571608398731,37.34752136752137,-0.02564102564102566,35,49,71
2025-08-10 02:17:00,2,10,8,6,58,19,p2,27,79,1006,7.57,259,2,73.02,0.0,0.07,38.47,0.27,8.67,33.27,0,38,PM2.5,9.078533460584515,35.539739430054716,0.0,35,52,73
2025-08-10 03:17:00,3,10,8,6,61,20,p2,27,77,1006,7.98,256,2,72.74,0.0,0.07,38.39,0.27,9.03,33.65,0,38,PM2.5,9.05497514066273,34.63562658325035,0.0,36,55,75
2025-08-10 04:17:00,4,10,8,6,67,25,p2,27,76,1006,7.82,253,2,72.27,0.01,0.06,38.26,0.27,9.58,36.25,0,38,PM2.5,9.230197852053449,35.42871623672648,0.0,37,56,76
2025-08-10 05:17:00,5,10,8,6,60,20,p2,27,76,1006,7.73,251,2,71.65,0.01,0.05,37.96,0.28,10.4,40.58,0,40,PM2.5,9.561043496670218,37.6689644163511,0.05263157894736836,38,57,76
2025-08-10 06:17:00,6,10,8,6,61,21,p2,28,76,1006,7.51,247,2,71.05,0.01,0.04,37.5,0.28,11.34,44.98,0,42,PM2.5,9.982064793541147,40.3417945399646,0.050000000000000044,41,58,76
2025-08-10 07:17:00,7,10,8,6,60,20,p2,28,75,1006,7.32,245,3,70.82,0.01,0.04,36.91,0.29,12.28,50.15,0,45,PM2.5,10.767529786809236,43.425388651399615,0.0714285714285714,44,58,76
2025-08-10 08:17:00,8,10,8,6,59,20,p2,28,73,1005,7.37,243,3,71.06,0.01,0.04,36.35,0.3,13.04,55.24,0,49,PM2.5,11.648884613923316,48.68836707779191,0.0888888888888888,47,58,76
2025-08-10 09:17:00,9,10,8,6,59,19,p2,28,73,1005,7.71,244,3,71.45,0.01,0.04,35.82,0.3,13.62,59.39,0,52,PM2.5,12.459198040416977,53.850957325200376,0.061224489795918435,49,58,75
2025-08-10 10:17:00,10,10,8,6,62,22,p2,28,73,1004,7.71,243,3,71.87,0.01,0.04,35.7,0.3,14.06,62.37,0,53,PM2.5,13.1390213115046,58.106582863814026,0.019230769230769162,51,57,75
2025-08-10 11:17:00,11,10,8,6,64,23,p2,28,74,1004,8.0,242,3,71.67,0.01,0.04,35.71,0.31,14.33,64.39,0,54,PM2.5,13.647908359525522,61.29712559147559,0.018867924528301883,52,57,75
2025-08-10 12:17:00,12,10,8,6,55,16,p2,28,75,1004,8.32,242,3,71.07,0.01,0.05,35.94,0.32,14.45,65.64,0,55,PM2.5,13.988018912657655,63.51398232974137,0.0185185185185186,52,57,75
2025-08-10 13:17:00,13,10,8,6,58,18,p2,28,77,1004,8.04,240,3,70.59,0.01,0.06,36.38,0.33,14.46,66.44,0,56,PM10,14.172721407173327,65.0123608818011,0.018181818181818077,52,57,74
2025-08-10 14:17:00,14,10,8,6,56,17,p2,27,78,1004,7.6,241,3,70.17,0.0,0.07,36.76,0.34,14.27,66.35,0,56,PM10,14.182441992781305,65.65300649356469,0.0,49,57,74
2025-08-10 15:17:00,15,10,8,6,62,21,p2,27,79,1005,7.52,240,3,71.51,0.0,0.07,37.36,0.3,12.01,52.99,0,54,PM2.5,13.412409084121084,59.767797214295115,-0.0357142857142857,47,56,73
2025-08-10 16:17:00,16,10,8,6,63,23,p2,27,80,1005,7.7,248,2,71.84,0.0,0.07,37.65,0.29,11.21,47.8,0,53,PM2.5,12.824108306922767,55.400012748454415,-0.01851851851851849,45,56,73
2025-08-10 17:17:00,17,10,8,6,68,26,p2,27,79,1005,8.29,244,2,72.69,0.0,0.07,38.02,0.29,10.54,43.71,0,51,PM2.5,12.222630714725836,51.87639052788321,-0.037735849056603765,44,56,72
2025-08-10 18:17:00,18,10,8,6,66,24,p2,27,78,1005,8.22,250,2,73.05,0.0,0.07,38.38,0.3,10.09,41.93,0,48,PM2.5,11.485033769261578,47.83356957522606,-0.05882352941176472,45,56,72
2025-08-10 19:17:00,19,10,8,6,66,24,p2,27,78,1005,8.2,252,2,72.9,0.0,0.07,38.57,0.31,9.69,40.46,0,45,PM2.5,10.799346339756204,44.63823444573962,-0.0625,45,57,72
2025-08-10 21:17:00,21,10,8,6,66,24,p2,26,82,1005,8.31,254,2,73.41,0.0,0.07,39.09,0.31,8.86,36.74,0,41,PM2.5,9.895415213396767,40.54354788127498,-0.0888888888888889,46,58,71
2025-08-10 22:17:00,22,10,8,6,62,21,p2,26,82,1005,8.22,259,2,74.34,0.0,0.06,39.39,0.29,8.42,34.19,0,38,PM2.5,9.20950757912188,37.170869118650266,-0.07317073170731703,47,60,71
2025-08-10 23:17:00,23,10,8,6,66,24,p2,26,84,1005,8.36,259,2,75.61,0.0,0.06,39.67,0.28,8.14,31.75,0,36,PM2.5,8.704300551110292,34.368095238095236,-0.052631578947368474,47,62,71
2025-08-11 00:17:00,0,11,8,0,62,22,p2,26,84,1005,7.74,260,2,76.74,0.0,0.06,40.02,0.27,8.08,30.19,0,35,PM2.5,8.420093627138359,32.27487179487181,-0.02777777777777779,47,65,71
2025-08-11 01:17:00,1,11,8,0,68,26,p2,26,84,1005,7.72,257,2,77.82,0.0,0.06,40.4,0.27,8.19,29.38,0,35,PM2.5,8.316010567031052,30.82300854700855,0.0,47,67,71
2025-08-11 02:17:00,2,11,8,0,56,17,p2,27,81,1005,8.04,259,2,78.82,0.0,0.06,40.73,0.26,8.35,28.49,0,35,PM2.5,8.333596795174577,29.65187057387057,0.0,49,71,71
2025-08-11 03:17:00,3,11,8,0,75,31,p2,27,79,1005,8.19,256,2,79.84,0.0,0.06,41.06,0.26,8.53,27.83,0,35,PM2.5,8.468444128852541,28.86432582160739,0.0,52,73,71
2025-08-11 04:17:00,4,11,8,0,69,27,p2,27,78,1005,8.24,254,2,80.58,0.01,0.05,41.23,0.26,8.78,28.56,0,36,PM2.5,8.577101802453411,28.935079904778455,0.02857142857142847,55,75,71
2025-08-11 05:17:00,5,11,8,0,63,22,p2,28,77,1006,8.42,254,2,80.72,0.01,0.04,41.04,0.27,9.4,31.97,0,37,PM2.5,8.775984455405002,30.213144436690328,0.02777777777777768,56,76,71
2025-08-11 06:17:00,6,11,8,0,77,33,p2,28,74,1005,8.74,252,2,80.35,0.01,0.04,40.28,0.28,10.23,36.37,0,38,PM2.5,9.073439987292183,32.29758827425128,0.027027027027026973,57,76,71
2025-08-11 07:17:00,7,11,8,0,65,24,p2,28,73,1005,8.95,254,2,79.55,0.01,0.04,39.12,0.3,11.16,41.34,0,41,PM2.5,9.739313270339116,35.221041382024524,0.07894736842105265,58,76,71
2025-08-11 08:17:00,8,11,8,0,77,33,p2,28,72,1005,9.37,251,2,78.36,0.01,0.04,37.91,0.31,11.88,45.6,0,44,PM2.5,10.526756157542906,39.74653434178534,0.07317073170731714,58,76,71
2025-08-11 09:17:00,9,11,8,0,68,26,p2,28,72,1004,9.01,249,2,77.27,0.01,0.04,36.96,0.31,12.36,48.87,0,47,PM2.5,11.237297595011192,44.066457910433165,0.06818181818181812,58,76,71
2025-08-11 10:17:00,10,11,8,0,75,32,p2,28,73,1003,9.02,246,3,76.28,0.01,0.04,36.38,0.32,12.7,51.74,0,49,PM2.5,11.82125713687135,47.901874203146825,0.042553191489361764,58,75,64
2025-08-11 11:17:00,11,11,8,0,72,29,p2,28,74,1003,9.17,245,3,74.94,0.01,0.05,35.96,0.33,12.95,54.33,0,51,PM2.5,12.280465386516065,51.23775172842363,0.04081632653061229,57,75,60
2025-08-11 12:17:00,12,11,8,0,69,27,p2,28,76,1002,8.86,240,3,73.57,0.01,0.05,35.8,0.35,12.99,55.99,0,52,PM2.5,12.536269912105395,53.696488400488406,0.019607843137254832,57,75,58
2025-08-11 13:17:00,13,11,8,0,66,24,p2,27,78,1003,8.71,239,3,73.01,0.0,0.07,36.34,0.37,12.91,56.95,0,52,PM2.5,12.656020015931304,55.3266105006105,0.0,57,75,57
2025-08-11 14:17:00,14,11,8,0,69,27,p2,27,80,1003,8.24,239,3,73.06,0.0,0.08,36.58,0.37,12.38,54.93,0,52,PM2.5,12.549969642677429,55.13153357753358,0.0,57,74,56
2025-08-11 15:17:00,15,11,8,0,73,30,p2,27,81,1004,8.06,243,2,74.48,0.0,0.08,37.18,0.37,10.26,45.39,0,49,PM2.5,11.796605981542644,50.27462875862906,-0.05769230769230771,57,74,56
2025-08-11 16:17:00,16,11,8,0,64,23,p2,27,81,1004,8.69,252,2,75.58,0.0,0.08,37.52,0.36,9.72,43.01,0,47,PM2.5,11.267471522281324,47.32652681961038,-0.04081632653061229,56,73,56
2025-08-11 17:17:00,17,11,8,0,75,32,p2,27,81,1004,9.14,254,2,76.5,0.0,0.08,37.68,0.36,9.57,42.57,0,45,PM2.5,10.848381168072677,46.139585868252865,-0.04255319148936165,56,73,58
2025-08-11 18:17:00,18,11,8,0,74,31,p2,27,80,1004,8.45,250,2,76.9,0.0,0.08,37.78,0.37,9.77,44.03,0,44,PM2.5,10.561288295230385,46.33989159173393,-0.022222222222222254,56,72,60
2025-08-11 19:17:00,19,11,8,0,73,30,p2,27,81,1004,8.75,255,2,76.02,0.0,0.08,37.42,0.4,11.09,49.9,0,45,PM2.5,10.700003721194282,47.494510124372376,0.022727272727272707,56,72,61
2025-08-11 20:17:00,20,11,8,0,74,31,p2,26,82,1004,9.06,255,2,75.87,0.0,0.08,37.22,0.4,11.28,49.48,0,45,PM2.5,10.84856054613813,48.02660012309518,0.0,57,72,62
2025-08-11 21:17:00,21,11,8,0,62,21,p2,26,81,1003,8.96,254,3,75.55,0.0,0.08,36.91,0.41,11.97,51.85,0,46,PM2.5,11.141118725956133,49.0156338274609,0.022222222222222143,58,71,61
2025-08-11 22:17:00,22,11,8,0,65,24,p2,26,81,1003,8.7,255,2,75.83,0.0,0.08,36.84,0.41,11.97,49.84,0,47,PM2.5,11.354303928492277,49.20873037646488,0.021739130434782705,60,71,61
2025-08-11 23:17:00,23,11,8,0,66,24,p2,26,81,1002,8.64,256,2,76.92,0.0,0.08,37.08,0.39,11.54,47.32,0,47,PM2.5,11.393454843691911,48.67626675293476,0.0,62,71,61
2025-08-12 00:17:00,0,12,8,1,64,23,p2,26,82,1003,8.62,253,2,78.06,0.0,0.08,37.59,0.38,11.31,46.9,0,47,PM2.5,11.355562251714407,48.155716201478874,0.0,65,71,61
2025-08-12 01:17:00,1,12,8,1,66,24,p2,26,83,1003,8.89,252,3,78.87,0.0,0.08,38.26,0.39,11.69,51.34,0,47,PM2.5,11.393989777182625,48.82376821410733,0.0,67,71,60
2025-08-12 02:17:00,2,12,8,1,68,26,p2,26,83,1003,8.91,252,3,77.94,0.0,0.08,38.12,0.41,12.8,58.23,0,49,PM2.5,11.775825641308534,51.47963781736206,0.042553191489361764,71,71,59
2025-08-12 03:17:00,3,12,8,1,66,24,p2,27,82,1004,8.94,253,3,76.11,0.0,0.08,37.24,0.44,14.28,65.5,0,52,PM2.5,12.716930790372531,57.003983736208454,0.061224489795918435,73,71,59
2025-08-12 04:17:00,4,12,8,1,69,27,p2,27,80,1004,9.1,256,3,74.65,0.01,0.08,36.56,0.45,15.1,69.9,0,55,PM10,13.67435141187132,62.54759571151916,0.05769230769230771,75,71,59
2025-08-12 05:17:00,5,12,8,1,64,23,p2,28,78,1004,9.34,256,3,73.91,0.01,0.07,36.47,0.45,15.38,71.79,0,56,PM2.5,14.301801274052785,66.09262756052404,0.018181818181818077,76,71,58
2025-08-12 06:17:00,6,12,8,1,68,26,p2,28,76,1004,9.44,256,3,73.72,0.01,0.06,36.7,0.45,15.26,71.21,0,57,PM10,14.310581277866392,67.29006548769452,0.017857142857142794,76,71,57
2025-08-12 07:17:00,7,12,8,1,66,25,p2,28,76,1003,9.3,253,3,73.97,0.01,0.05,36.84,0.44,15.02,70.37,0,58,PM10,14.48310017374134,68.40104995939218,0.01754385964912286,76,71,57
2025-08-12 08:17:00,8,12,8,1,67,25,p2,28,75,1002,9.41,250,3,73.89,0.01,0.05,36.7,0.44,14.84,69.74,0,58,PM10,14.596049937009559,68.90798253424906,0.0,76,71,56
2025-08-12 09:17:00,9,12,8,1,64,23,p2,28,75,1002,9.55,250,3,74.03,0.01,0.05,36.55,0.44,14.64,68.5,0,58,PM10,14.62580313699668,68.80163328033453,0.0,76,71,56
2025-08-12 10:17:00,10,12,8,1,71,29,p2,28,75,1001,9.62,248,3,74.29,0.01,0.05,36.69,0.44,14.47,67.15,0,58,PM10,14.601541888601414,68.2654946373879,0.0,75,64,55
2025-08-12 11:17:00,11,12,8,1,71,29,p2,28,77,1001,9.61,247,3,74.67,0.01,0.05,37.0,0.44,14.37,66.14,0,57,PM10,14.559477827608408,67.56824887347473,-0.017241379310344862,75,60,55
2025-08-12 12:17:00,12,12,8,1,68,26,p2,28,78,1000,9.08,240,3,74.72,0.01,0.06,37.23,0.45,14.55,66.19,0,57,PM10,14.57914047616786,67.28861395318138,0.0,75,58,55
2025-08-12 13:17:00,13,12,8,1,66,24,p2,27,79,1001,8.35,236,3,74.71,0.01,0.08,37.57,0.47,15.1,67.92,0,57,PM2.5,14.721952453440759,67.73937946096706,0.0,75,57,55
2025-08-12 14:17:00,14,12,8,1,68,26,p2,27,80,1001,8.1,231,3,74.76,0.0,0.09,37.56,0.44,13.91,61.94,0,57,PM10,14.670412101255653,67.10540759149947,0.0,74,56,55
2025-08-12 15:17:00,15,12,8,1,66,24,p2,27,81,1001,7.6,238,3,74.16,0.0,0.1,37.85,0.45,14.08,62.13,0,57,PM10,14.605806913780455,66.32793292354772,0.0,74,56,55
2025-08-12 16:17:00,16,12,8,1,67,25,p2,27,81,1002,7.5,243,3,73.79,0.0,0.11,38.18,0.46,14.26,62.94,0,56,PM2.5,14.538422743412905,65.66725865551007,-0.01754385964912286,73,56,56
2025-08-12 17:17:00,17,12,8,1,69,27,p2,27,80,1002,7.83,248,3,73.93,0.0,0.11,38.59,0.46,14.31,63.22,0,56,PM2.5,14.479637736885282,65.15685493113386,0.0,73,58,57
2025-08-12 18:17:00,18,12,8,1,77,33,p2,26,81,1002,7.34,247,3,74.65,0.0,0.11,39.05,0.45,14.47,63.91,0,56,PM2.5,14.450349287920872,64.85377519030735,0.0,72,60,57
2025-08-12 19:17:00,19,12,8,1,74,31,p2,26,82,1002,6.77,241,3,75.13,0.0,0.11,39.39,0.45,15.05,64.53,0,56,PM2.5,14.499015557668173,64.66481424111899,0.0,72,61,56
2025-08-12 20:17:00,20,12,8,1,71,29,p2,26,82,1001,6.83,247,3,75.05,0.0,0.11,39.53,0.46,16.28,68.88,0,57,PM2.5,14.802177884476516,65.1113478214933,0.017857142857142794,72,62,56
2025-08-12 21:17:00,21,12,8,1,73,30,p2,26,82,1001,6.61,248,3,74.48,0.0,0.11,39.31,0.48,17.7,75.32,0,58,PM2.5,15.554316640122329,67.07407676347817,0.01754385964912286,71,61,56
2025-08-12 22:17:00,22,12,8,1,76,32,p2,26,82,1001,6.94,249,3,73.91,0.0,0.12,39.23,0.5,18.84,81.25,0,60,PM2.5,16.579799533236443,71.06718639584157,0.034482758620689724,71,61,56
2025-08-12 23:17:00,23,12,8,1,74,31,p2,26,83,1001,6.58,246,3,73.63,0.0,0.12,39.4,0.5,19.5,85.25,0,62,PM2.5,17.541249970486106,75.59753174525359,0.03333333333333344,71,61,56
2025-08-13 00:17:00,0,13,8,2,73,30,p2,26,83,1001,6.57,252,3,74.08,0.0,0.12,39.95,0.5,20.27,89.65,0,65,PM2.5,18.532130647643775,80.67825027592325,0.048387096774193505,71,61,56
2025-08-13 01:17:00,1,13,8,2,73,30,p2,26,83,1001,6.6,256,3,74.85,0.0,0.11,40.75,0.52,21.44,97.61,0,67,PM2.5,19.713963132121986,87.90917117205187,0.03076923076923066,71,60,56
2025-08-13 02:17:00,2,13,8,2,64,23,p2,27,83,1001,6.31,255,4,74.86,0.0,0.12,41.0,0.53,22.36,104.13,0,71,PM10,20.778656912449563,95.15467918035208,0.05970149253731338,71,59,56
2025-08-13 03:17:00,3,13,8,2,80,35,p2,27,80,1001,6.23,253,4,74.48,0.01,0.11,40.73,0.54,22.72,106.78,0,73,PM10,21.52133512301553,100.09125457207574,0.028169014084507005,71,59,55
2025-08-13 04:17:00,4,13,8,2,81,36,p2,27,78,1001,6.56,250,4,73.99,0.01,0.1,40.35,0.54,22.76,107.39,0,75,PM10,21.989520481227427,103.13753999492225,0.027397260273972712,71,59,55
2025-08-13 05:17:00,5,13,8,2,79,34,p2,28,76,1002,6.37,250,4,73.53,0.02,0.09,40.22,0.54,22.65,107.43,0,76,PM10,22.22290448532565,104.82322466391632,0.01333333333333342,71,58,55
2025-08-13 06:17:00,6,13,8,2,88,41,p2,28,76,1001,6.68,246,4,73.45,0.02,0.08,40.15,0.52,22.49,107.15,0,76,PM10,22.269908099759967,105.72610613100943,0.0,71,57,55
2025-08-13 07:17:00,7,13,8,2,77,33,p2,28,75,1001,6.58,243,4,73.71,0.01,0.07,40.04,0.51,22.17,106.54,0,76,PM10,22.152470762886015,105.6986396152487,0.0,71,57,55
2025-08-13 08:17:00,8,13,8,2,79,34,p2,29,74,1000,6.67,240,4,74.02,0.01,0.06,39.84,0.5,21.83,105.77,0,76,PM10,22.002932848165653,105.27922063689917,0.0,71,56,55
2025-08-13 09:17:00,9,13,8,2,77,33,p2,28,74,1000,6.76,239,4,74.2,0.01,0.06,39.45,0.49,21.42,104.26,0,76,PM10,21.882798215813832,104.72390844956293,0.0,71,56,55
2025-08-13 10:17:00,10,13,8,2,76,32,p2,28,75,999,6.64,240,4,74.33,0.01,0.06,39.12,0.49,21.07,102.62,0,75,PM10,21.796910456914254,104.27852333825267,-0.013157894736842146,64,55,55
2025-08-13 11:17:00,11,13,8,2,75,31,p2,28,76,999,6.49,237,4,74.26,0.01,0.07,38.89,0.49,20.73,100.57,0,75,PM10,21.725782975712544,103.79823183164751,0.0,60,55,55
2025-08-13 12:17:00,12,13,8,2,68,26,p2,28,77,999,6.21,227,3,74.18,0.01,0.07,38.86,0.49,20.51,98.79,0,75,PM10,21.627494157121816,103.67973970800357,0.0,58,55,54
2025-08-13 13:17:00,13,13,8,2,65,24,p2,28,78,999,5.82,226,3,74.58,0.0,0.09,39.08,0.5,20.51,98.35,0,75,PM10,21.48005729122702,103.29931626670468,0.0,57,55,54
2025-08-13 14:17:00,14,13,8,2,79,34,p2,28,80,999,5.88,222,3,74.98,0.0,0.11,39.56,0.48,20.06,96.76,0,74,PM10,21.182370078265205,102.21132560569016,-0.013333333333333308,56,55,53
2025-08-13 15:17:00,15,13,8,2,82,37,p2,27,81,999,5.83,226,3,75.0,0.0,0.11,39.56,0.48,20.11,96.03,0,74,PM10,20.967959956300994,101.06968961200722,0.0,56,55,53
2025-08-13 16:17:00,16,13,8,2,77,33,p2,27,81,1000,5.54,228,3,75.02,0.0,0.11,39.53,0.48,20.16,95.51,0,73,PM10,20.797489577623608,99.96321203197145,-0.013513513513513487,56,56,53
2025-08-13 17:17:00,17,13,8,2,73,30,p2,27,81,1001,5.25,228,3,75.24,0.0,0.11,39.64,0.48,20.25,95.15,0,73,PM10,20.666445560284725,98.9749800343316,0.0,58,57,53
2025-08-13 18:17:00,18,13,8,2,75,31,p2,27,82,1001,5.46,236,3,75.65,0.0,0.11,39.89,0.47,20.26,94.9,0,72,PM10,20.564346476678654,98.11980208842506,-0.013698630136986356,60,57,53
2025-08-13 19:17:00,19,13,8,2,80,35,p2,27,81,1001,4.97,240,3,76.11,0.0,0.11,40.29,0.45,20.18,94.51,0,72,PM10,20.465989387380432,97.3202698178008,0.0,61,56,53
2025-08-13 20:17:00,20,13,8,2,84,39,p2,27,81,1001,3.93,243,3,76.79,0.0,0.1,40.81,0.43,20.18,94.86,0,72,PM10,20.384376202264157,96.77134950383777,0.0,62,56,52
2025-08-13 21:17:00,21,13,8,2,88,41,p2,27,81,1001,3.74,241,3,77.05,0.0,0.1,41.04,0.42,20.31,95.56,0,71,PM10,20.329984698227555,96.39349048330526,-0.01388888888888884,61,56,52
2025-08-13 22:17:00,22,13,8,2,87,41,p2,27,81,1000,3.99,241,3,77.16,0.0,0.1,41.01,0.41,20.5,96.08,0,71,PM10,20.30671050218925,96.14160502769457,0.0,61,56,51
2025-08-13 23:17:00,23,13,8,2,84,39,p2,27,81,1000,4.6,247,3,77.23,0.0,0.11,40.9,0.41,20.65,96.06,0,71,PM10,20.311689525542874,95.93163006491017,0.0,61,56,51
2025-08-14 00:17:00,0,14,8,3,84,39,p2,27,81,1001,2.47,260,3,77.58,0.0,0.11,40.82,0.4,20.79,96.13,0,71,PM10,20.348145473184353,95.78007574770767,0.0,61,56,50
2025-08-14 01:17:00,1,14,8,3,79,34,p2,27,81,1001,1.89,256,3,77.8,0.0,0.11,40.99,0.39,20.93,96.52,0,71,PM10,20.402049280304556,95.68310068402863,0.0,60,56,49
